mp_name,constituency,office_costs_maximum_budget_available,office_costs_reason_for_budget_set,office_costs_spend_against_budget,office_costs_remaining_budget,office_costs_landlord_name,office_costs_postcode,staff_maximum_budget_available,staff_reason_for_budget_set,staff_spend_against_budget,staff_remaining_budget,startup_maximum_budget_available,startup_reason_for_budget_set,startup_spend_against_budget,startup_remaining_budget,windup_maximum_budget_available,windup_reason_for_budget_set,windup_spend_against_budget,windup_remaining_budget,subtotal_office_running_costs,accom_maximum_budget_available,accom_reason_for_budget_set,accom_rent_other_mp,accom_spend_against_budget,accom_remaining_budget,accom_landlord_name,accom_postcode,ts_maximum_budget_available,ts_spend_against_budget,add_maximum_budget_available,add_spend_against_budget,subtotal_other_parliamentary_costs,overall_total_spend
Adam Afriyie,Windsor CC,,,604.2,,,,,,71345.27,,,,0,,,,0,,71949.47,,,,0,,,,,0,,,0,71949.47
Adam Holloway,Gravesham CC,,,21898.22,,,,,,136415.55,,,,0,,,,0,,158313.77,,,,0,,,,,7253.2,,,7253.2,165566.97
Adrian Bailey,West Bromwich West BC,,,18488.74,,,,,,102970.73,,,,0,,,,0,,121459.47,,,,16015.12,,,,,2931.9,,,18947.02,140406.49
Adrian Sanders,Torbay BC,,,16875.29,,,,,,122319.11,,,,0,,,,0,,139194.4,,,,17955.14,,,,,8833.94,,,26789.08,165983.48
Aidan Burley,Cannock Chase CC,,,24228.36,,,,,,136460.88,,,,0,,,,0,,160689.24,,,,22605.21,,,,,7874.9,,,30480.11,191169.35
Alan Beith,Berwick-upon-Tweed CC,,,21926.52,,,,,,134799.07,,,,0,,,,0,,156725.59,,,,11531.87,,,,,12218.04,,,23749.91,180475.5
Alan Campbell,Tynemouth BC,,,22129.71,,,,,,78130.44,,,,0,,,,0,,100260.15,,,,5014.59,,,,,11981.95,,,16996.54,117256.69
Alan Duncan,Rutland and Melton CC,,,20042.76,,,,,,113188.44,,,,0,,,,0,,133231.2,,,,8216.4,,,,,4016.5,,,12232.9,145464.1
Alan Haselhurst,Saffron Walden CC,,,18571.16,,,,,,81161.9,,,,0,,,,0,,99733.06,,,,13575.27,,,,,3344.95,,,16920.22,116653.28
Alan Johnson,Kingston upon Hull West and Hessle BC,,,14205.67,,,,,,0,,,,0,,,,0,,14205.67,,,,17264.45,,,,,7537.83,,,24802.28,39007.95
Alan Meale,Mansfield CC,,,22652.53,,,,,,122989.91,,,,0,,,,0,,145642.44,,,,7296.44,,,,,9944.39,,,17240.83,162883.27
Alan Reid,Argyll and Bute CC,,,24047.62,,,,,,110391.41,,,,0,,,,0,,134439.03,,,,13299.4,,,,,24985.93,,,38285.33,172724.36
Alan Whitehead,"Southampton, Test BC",,,22541.23,,,,,,119680.09,,,,0,,,,0,,142221.32,,,,13221.34,,,,,3703.5,,,16924.84,159146.16
Alasdair McDonnell,Belfast South,,,17292.38,,,,,,136463.72,,,,0,,,,0,,153756.1,,,,3300,,,,,16129.5,,,19429.5,173185.6
Albert Owen,Ynys Môn CC,,,16395.32,,,,,,121451.84,,,,0,,,,0,,137847.16,,,,20000,,,,,5294.28,,,25294.28,163141.44
Alec Shelbrooke,Elmet and Rothwell CC,,,16297.01,,,,,,121970.87,,,,0,,,,0,,138267.88,,,,20287.45,,,,,9561.98,,,29849.43,168117.31
Alex Cunningham,Stockton North BC,,,14520.91,,,,,,122295.11,,,,0,,,,0,,136816.02,,,,18215.51,,,,,8687.64,,,26903.15,163719.17
Alison McGovern,Wirral South CC,,,21194.7,,,,,,136093.85,,,,0,,,,0,,157288.55,,,,24363.27,,,,,12400.95,,,36764.22,194052.77
Alison Seabeck,"Plymouth, Moor View BC",,,10925.66,,,,,,114435.32,,,,0,,,,0,,125360.98,,,,9492.96,,,,,11636.62,,,21129.58,146490.56
Alistair Burt,North East Bedfordshire CC,,,12232.91,,,,,,123754.47,,,,0,,,,0,,135987.38,,,,19993.57,,,,,3679.6,,,23673.17,159660.55
Alistair Carmichael,Orkney and Shetland CC,,,24609.35,,,,,,116687.01,,,,0,,,,0,,141296.36,,,,12396,,,,,53184.42,,,65580.42,206876.78
Alistair Darling,Edinburgh South West BC,,,16142.7,,,,,,109994.09,,,,0,,,,0,,126136.79,,,,19896,,,,,11277.78,,,31173.78,157310.57
Alok Sharma,Reading West CC,,,18607.83,,,,,,112716.09,,,,0,,,,0,,131323.92,,,,0,,,,,6895.35,,,6895.35,138219.27
Alun Cairns,Vale of Glamorgan CC,,,19215.56,,,,,,127727.19,,,,0,,,,0,,146942.75,,,,19452.1,,,,,11350.63,,,30802.73,177745.48
Alun Michael,Cardiff South and Penarth BC,,,17465.25,,,,,,61843.18,,,,0,,,,2591.12,,81899.55,,,,12840.32,,,,,4781.26,,,17621.58,99521.13
Amber Rudd,Hastings and Rye CC,,,13982.6,,,,,,129497.4,,,,0,,,,0,,143480,,,,10298.21,,,,,2412.32,,,12710.53,156190.53
Anas Sarwar,Glasgow Central BC,,,20526.99,,,,,,125148.04,,,,0,,,,0,,145675.03,,,,26851.48,,,,,16141.27,,,42992.75,188667.78
Andrea Leadsom,South Northamptonshire CC,,,12545.04,,,,,,129704.72,,,,0,,,,0,,142249.76,,,,0,,,,,3226.83,,,3226.83,145476.59
Andrew Bingham,High Peak CC,,,14420.38,,,,,,105539.69,,,,0,,,,0,,119960.07,,,,21199.3,,,,,5570.5,,,26769.8,146729.87
Andrew Bridgen,North West Leicestershire CC,,,15819.76,,,,,,97724.17,,,,0,,,,0,,113543.93,,,,12557.66,,,,,7678,,,20235.66,133779.59
Andrew George,St Ives CC,,,21338.81,,,,,,126677.23,,,,0,,,,0,,148016.04,,,,15389.92,,,,,12437.73,,,27827.65,175843.69
Andrew Griffiths,Burton CC,,,18633.6,,,,,,88806.22,,,,0,,,,0,,107439.82,,,,15424,,,,,5310.46,,,20734.46,128174.28
Andrew Gwynne,Denton and Reddish BC,,,15372.31,,,,,,116452.79,,,,0,,,,0,,131825.1,,,,18291.47,,,,,5941.02,,,24232.49,156057.59
Andrew Jones,Harrogate and Knaresborough CC,,,19957.86,,,,,,110951.98,,,,0,,,,0,,130909.84,,,,1780.5,,,,,10385.04,,,12165.54,143075.38
Andrew Lansley,South Cambridgeshire CC,,,22528.48,,,,,,104859.26,,,,0,,,,0,,127387.74,,,,4978.33,,,,,4858.27,,,9836.6,137224.34
Andrew Miller,Ellesmere Port and Neston CC,,,15357.59,,,,,,111755.46,,,,0,,,,0,,127113.05,,,,8325.9,,,,,8766.47,,,17092.37,144205.42
Andrew Mitchell,Sutton Coldfield BC,,,18528.36,,,,,,112051.36,,,,0,,,,0,,130579.72,,,,7348.8,,,,,5818.96,,,13167.76,143747.48
Andrew Murrison,South West Wiltshire CC,,,18329.27,,,,,,61520.95,,,,0,,,,0,,79850.22,,,,6398.83,,,,,2550.35,,,8949.18,88799.4
Andrew Percy,Brigg and Goole CC,,,15363.57,,,,,,118700.62,,,,0,,,,0,,134064.19,,,,9536.06,,,,,6049.18,,,15585.24,149649.43
Andrew Robathan,South Leicestershire CC,,,1906.19,,,,,,78994.2,,,,0,,,,0,,80900.39,,,,6543.57,,,,,4201.9,,,10745.47,91645.86
Andrew Rosindell,Romford BC,,,25406.79,,,,,,144497.1,,,,0,,,,0,,169903.89,,,,0,,,,,2074.43,,,2074.43,171978.32
Andrew Selous,South West Bedfordshire CC,,,17937.59,,,,,,120382.22,,,,0,,,,0,,138319.81,,,,0,,,,,1271.8,,,1271.8,139591.61
Andrew Smith,Oxford East BC,,,21929.05,,,,,,136003.7,,,,0,,,,0,,157932.75,,,,2405.67,,,,,2782.05,,,5187.72,163120.47
Andrew Stephenson,Pendle BC,,,18196.38,,,,,,130724.17,,,,0,,,,0,,148920.55,,,,6123.08,,,,,6194.95,,,12318.03,161238.58
Andrew Stunell,Hazel Grove CC,,,24099.09,,,,,,128571.78,,,,0,,,,0,,152670.87,,,,1902.84,,,,,7653.27,,,9556.11,162226.98
Andrew Turner,Isle of Wight CC,,,15959.87,,,,,,121356.87,,,,0,,,,0,,137316.74,,,,20194,,,,,6053.82,,,26247.82,163564.56
Andrew Tyrie,Chichester CC,,,8155.71,,,,,,124992.44,,,,0,,,,0,,133148.15,,,,15380.43,,,,,2013.6,,,17394.03,150542.18
Andy Burnham,Leigh CC,,,20981.58,,,,,,134288.09,,,,0,,,,0,,155269.67,,,,16114.46,,,,,5575.32,,,21689.78,176959.45
Andy Love,Edmonton BC,,,25346.99,,,,,,131914.65,,,,0,,,,0,,157261.64,,,,0,,,,,1425.74,,,1425.74,158687.38
Andy McDonald,Middlesbrough BC,,,3899.24,,,,,,23631.22,,,,543.29,,,,0,,28073.75,,,,13996.92,,,,,4064.25,,,18061.17,46134.92
Andy Sawford,Corby CC,,,9210.33,,,,,,28035.68,,,,3000,,,,0,,40246.01,,,,9767.95,,,,,2823.65,,,12591.6,52837.61
Andy Slaughter,Hammersmith BC,,,23927.61,,,,,,141377.49,,,,0,,,,0,,165305.1,,,,0,,,,,2121,,,2121,167426.1
Angela Eagle,Wallasey BC,,,15797.54,,,,,,130226.86,,,,0,,,,0,,146024.4,,,,5319.57,,,,,5134.8,,,10454.37,156478.77
Angela Smith,Penistone and Stocksbridge CC,,,15985.21,,,,,,108477.72,,,,0,,,,0,,124462.93,,,,19705.73,,,,,8719.25,,,28424.98,152887.91
Angela Watkinson,Hornchurch and Upminster BC,,,21324.47,,,,,,131346.35,,,,0,,,,0,,152670.82,,,,0,,,,,550.5,,,550.5,153221.32
Angie Bray,Ealing Central and Acton BC,,,10520.96,,,,,,123454.53,,,,0,,,,0,,133975.49,,,,0,,,,,0,,,0,133975.49
Angus MacNeil,Na h-Eileanan an Iar CC,,,13022.69,,,,,,106377.7,,,,0,,,,0,,119400.39,,,,18622.55,,,,,40750.47,,,59373.02,178773.41
Angus Robertson,Moray CC,,,20499.89,,,,,,113335.55,,,,0,,,,0,,133835.44,,,,18071.99,,,,,21961.42,,,40033.41,173868.85
Ann Clwyd,Cynon Valley CC,,,18090.08,,,,,,106450.9,,,,0,,,,0,,124540.98,,,,7101.77,,,,,4445,,,11546.77,136087.75
Ann Coffey,Stockport BC,,,19055.87,,,,,,109040.24,,,,0,,,,0,,128096.11,,,,9489.95,,,,,7392.05,,,16882,144978.11
Ann McKechin,Glasgow North BC,,,25374.84,,,,,,138473.6,,,,0,,,,0,,163848.44,,,,3091.93,,,,,15748.87,,,18840.8,182689.24
Anna Soubry,Broxtowe CC,,,24842.7,,,,,,104039.38,,,,0,,,,0,,128882.08,,,,20019.96,,,,,4827.65,,,24847.61,153729.69
Anne Begg,Aberdeen South BC,,,21423.97,,,,,,137880.42,,,,0,,,,0,,159304.39,,,,20000,,,,,12727.11,,,32727.11,192031.5
Anne Main,St Albans CC,,,14279.8,,,,,,109853.34,,,,0,,,,0,,124133.14,,,,0,,,,,0,,,0,124133.14
Anne McGuire,Stirling CC,,,18877.37,,,,,,136163.1,,,,0,,,,0,,155040.47,,,,18315.06,,,,,15275.79,,,33590.85,188631.32
Anne McIntosh,Thirsk and Malton CC,,,10408.28,,,,,,114775.74,,,,0,,,,0,,125184.02,,,,11022.91,,,,,13485,,,24507.91,149691.93
Anne Milton,Guildford CC,,,15543.94,,,,,,109378.8,,,,0,,,,0,,124922.74,,,,0,,,,,3055.93,,,3055.93,127978.67
Anne Morris,Newton Abbot CC,,,22638.17,,,,,,126819,,,,0,,,,0,,149457.17,,,,19500.24,,,,,9183.26,,,28683.5,178140.67
Annette Brooke,Mid Dorset and North Poole CC,,,13444.37,,,,,,105831.33,,,,0,,,,0,,119275.7,,,,12113.44,,,,,2178.29,,,14291.73,133567.43
Austin Mitchell,Great Grimsby BC,,,25455.7,,,,,,131869.65,,,,0,,,,0,,157325.35,,,,8633.04,,,,,6993.58,,,15626.62,172951.97
Barbara Keeley,Worsley and Eccles South CC,,,20585.73,,,,,,101089.09,,,,0,,,,0,,121674.82,,,,0,,,,,5217.99,,,5217.99,126892.81
Barry Gardiner,Brent North BC,,,20916.55,,,,,,150101.78,,,,0,,,,0,,171018.33,,,,0,,,,,2896.55,,,2896.55,173914.88
Barry Sheerman,Huddersfield BC,,,21816.47,,,,,,119089.93,,,,0,,,,0,,140906.4,,,,9739.08,,,,,6057.14,,,15796.22,156702.62
Ben Bradshaw,Exeter BC,,,21608.7,,,,,,79946.94,,,,0,,,,0,,101555.64,,,,9130.42,,,,,4513.2,,,13643.62,115199.26
Ben Gummer,Ipswich BC,,,23339.14,,,,,,121618.11,,,,0,,,,0,,144957.25,,,,14894.4,,,,,8955.14,,,23849.54,168806.79
Ben Wallace,Wyre and Preston North CC,,,15999.93,,,,,,117082.19,,,,0,,,,0,,133082.12,,,,24244.81,,,,,18212.44,,,42457.25,175539.37
Bernard Jenkin,Harwich and North Essex CC,,,7941.85,,,,,,111745.32,,,,0,,,,0,,119687.17,,,,1200,,,,,1269.27,,,2469.27,122156.44
Bill Cash,Stone CC,,,17062.66,,,,,,121842.56,,,,0,,,,0,,138905.22,,,,22316.69,,,,,9309.77,,,31626.46,170531.68
Bill Esterson,Sefton Central CC,,,19319.97,,,,,,144315.64,,,,0,,,,0,,163635.61,,,,20802.75,,,,,8081.63,,,28884.38,192519.99
Bill Wiggin,North Herefordshire CC,,,13601.39,,,,,,111398.89,,,,0,,,,0,,125000.28,,,,2176.12,,,,,5491.25,,,7667.37,132667.65
Bob Ainsworth,Coventry North East BC,,,9896.44,,,,,,106134.71,,,,0,,,,0,,116031.15,,,,18742.5,,,,,2880.8,,,21623.3,137654.45
Bob Blackman,Harrow East BC,,,27417.23,,,,,,145164.47,,,,0,,,,0,,172581.7,,,,0,,,,,4512.02,,,4512.02,177093.72
Bob Neill,Bromley and Chislehurst BC,,,24499.22,,,,,,129313.86,,,,0,,,,0,,153813.08,,,,0,,,,,1581.3,,,1581.3,155394.38
Bob Russell,Colchester BC,,,22779.06,,,,,,135373.92,,,,0,,,,0,,158152.98,,,,0,,,,,3844.82,,,3844.82,161997.8
Bob Stewart,Beckenham BC,,,15437.55,,,,,,115839.21,,,,0,,,,0,,131276.76,,,,0,,,,,272.58,,,272.58,131549.34
Brandon Lewis,Great Yarmouth CC,,,19060.76,,,,,,129362.8,,,,0,,,,0,,148423.56,,,,8532.39,,,,,7415.04,,,15947.43,164370.99
Brian Binley,Northampton South BC,,,10260.01,,,,,,108817.39,,,,0,,,,0,,119077.4,,,,17793.28,,,,,1935.85,,,19729.13,138806.53
Brian Donohoe,Central Ayrshire CC,,,19883.92,,,,,,120913.76,,,,0,,,,0,,140797.68,,,,8002.95,,,,,22776.79,,,30779.74,171577.42
Bridget Phillipson,Houghton and Sunderland South BC,,,19590.34,,,,,,124309.02,,,,0,,,,0,,143899.36,,,,22699.75,,,,,6722.64,,,29422.39,173321.75
Brooks Newmark,Braintree CC,,,17176.11,,,,,,105214.93,,,,0,,,,0,,122391.04,,,,3620,,,,,919.5,,,4539.5,126930.54
Caroline Dinenage,Gosport BC,,,13471.53,,,,,,104085.31,,,,0,,,,0,,117556.84,,,,17347.84,,,,,4905.55,,,22253.39,139810.23
Caroline Flint,Don Valley CC,,,23219.29,,,,,,115785.19,,,,0,,,,0,,139004.48,,,,2288.64,,,,,5218.6,,,7507.24,146511.72
Caroline Lucas,"Brighton, Pavilion BC",,,18508.52,,,,,,116500.33,,,,0,,,,0,,135008.85,,,,4277.8,,,,,497.6,,,4775.4,139784.25
Caroline Nokes,Romsey and Southampton North CC,,,9252.82,,,,,,85479.58,,,,0,,,,0,,94732.4,,,,17347.84,,,,,7670.15,,,25017.99,119750.39
Caroline Spelman,Meriden CC,,,11708.81,,,,,,78172.55,,,,0,,,,0,,89881.36,,,,0,,,,,5005.53,,,5005.53,94886.89
Catherine McKinnell,Newcastle upon Tyne North BC,,,19093.1,,,,,,122036.74,,,,0,,,,0,,141129.84,,,,22663.26,,,,,9268.92,,,31932.18,173062.02
Cathy Jamieson,Kilmarnock and Loudoun CC,,,21769.48,,,,,,134482.55,,,,0,,,,0,,156252.03,,,,21450.33,,,,,11290.78,,,32741.11,188993.14
Charles Hendry,Wealden CC,,,4692.09,,,,,,91564.64,,,,0,,,,0,,96256.73,,,,12856.8,,,,,1769.1,,,14625.9,110882.63
Charles Kennedy,"Ross, Skye and Lochaber CC",,,23788.7,,,,,,135850.32,,,,0,,,,0,,159639.02,,,,19631.19,,,,,26720.35,,,46351.54,205990.56
Charles Walker,Broxbourne BC,,,10970.53,,,,,,117342.79,,,,0,,,,0,,128313.32,,,,0,,,,,918.55,,,918.55,129231.87
Charlie Elphicke,Dover CC,,,18449.58,,,,,,125977.71,,,,0,,,,0,,144427.29,,,,0,,,,,2486.6,,,2486.6,146913.89
Charlotte Leslie,Bristol North West BC,,,22027.44,,,,,,137876.27,,,,0,,,,0,,159903.71,,,,20015.33,,,,,2560.05,,,22575.38,182479.09
Cheryl Gillan,Chesham and Amersham CC,,,21337.22,,,,,,133185.48,,,,0,,,,0,,154522.7,,,,5078.96,,,,,3217.15,,,8296.11,162818.81
Chinyelu Onwurah,Newcastle upon Tyne Central BC,,,17364.11,,,,,,123872.9,,,,0,,,,0,,141237.01,,,,11360.69,,,,,16334.39,,,27695.08,168932.09
Chloe Smith,Norwich North BC,,,20826.02,,,,,,119713.68,,,,0,,,,0,,140539.7,,,,11611.98,,,,,4178.2,,,15790.18,156329.88
Chris Bryant,Rhondda CC,,,13667.73,,,,,,119455.77,,,,0,,,,0,,133123.5,,,,19914.88,,,,,9634.1,,,29548.98,162672.48
Chris Evans,Islwyn CC,,,19568.42,,,,,,124211.02,,,,0,,,,0,,143779.44,,,,19903.72,,,,,6739.3,,,26643.02,170422.46
Chris Grayling,Epsom and Ewell BC,,,16306.75,,,,,,126827.55,,,,0,,,,0,,143134.3,,,,0,,,,,793.95,,,793.95,143928.25
Chris Heaton-Harris,Daventry CC,,,7629.94,,,,,,102032.19,,,,0,,,,0,,109662.13,,,,24018.44,,,,,3038.6,,,27057.04,136719.17
Chris Huhne,Eastleigh BC,,,22236.18,,,,,,111218.44,,,,0,,,,1875.39,,135330.01,,,,0,,,,,1852.67,,,1852.67,137182.68
Chris Kelly,Dudley South BC,,,8755.07,,,,,,91289.17,,,,0,,,,0,,100044.24,,,,21250.29,,,,,5603.7,,,26853.99,126898.23
Chris Pincher,Tamworth CC,,,16448.28,,,,,,129756.3,,,,0,,,,0,,146204.58,,,,21005.46,,,,,6033,,,27038.46,173243.04
Chris Ruane,Vale of Clwyd CC,,,21512.24,,,,,,137438.94,,,,0,,,,0,,158951.18,,,,24581.8,,,,,6410.5,,,30992.3,189943.48
Chris Skidmore,Kingswood BC,,,18519.47,,,,,,132703.8,,,,0,,,,0,,151223.27,,,,17420.14,,,,,625.4,,,18045.54,169268.81
Chris White,Warwick and Leamington BC,,,16463.15,,,,,,116504.78,,,,0,,,,0,,132967.93,,,,19474.26,,,,,3904.05,,,23378.31,156346.24
Chris Williamson,Derby North BC,,,22322.64,,,,,,129553.54,,,,0,,,,0,,151876.18,,,,22345.14,,,,,13208.41,,,35553.55,187429.73
Christopher Chope,Christchurch CC,,,16315.65,,,,,,77514.09,,,,0,,,,0,,93829.74,,,,2521.74,,,,,6641.15,,,9162.89,102992.63
Christopher Leslie,Nottingham East BC,,,17262.76,,,,,,125999.9,,,,0,,,,0,,143262.66,,,,9925.74,,,,,5402.23,,,15327.97,158590.63
Chuka Umunna,Streatham BC,,,26140.93,,,,,,155434.64,,,,0,,,,0,,181575.57,,,,0,,,,,691.4,,,691.4,182266.97
Claire Perry,Devizes CC,,,19873.05,,,,,,126946.75,,,,0,,,,0,,146819.8,,,,0,,,,,2857.02,,,2857.02,149676.82
Clive Betts,Sheffield South East BC,,,20476.53,,,,,,128394.28,,,,0,,,,0,,148870.81,,,,19988.29,,,,,9946,,,29934.29,178805.1
Clive Efford,Eltham BC,,,24547.03,,,,,,137527.56,,,,0,,,,0,,162074.59,,,,0,,,,,1008.7,,,1008.7,163083.29
Conor Burns,Bournemouth West BC,,,7431.19,,,,,,116122.3,,,,0,,,,0,,123553.49,,,,18633.85,,,,,3605.95,,,22239.8,145793.29
Conor Murphy,Newry and Armagh,,,10679.53,,,,,,122495.16,,,,0,,,,0,,133174.69,,,,0,,,,,2309.09,,,2309.09,135483.78
Craig Whittaker,Calder Valley CC,,,13674.1,,,,,,129978.71,,,,0,,,,0,,143652.81,,,,19275.34,,,,,8181.81,,,27457.15,171109.96
Crispin Blunt,Reigate BC,,,22096.18,,,,,,74854.43,,,,0,,,,0,,96950.61,,,,0,,,,,2773.25,,,2773.25,99723.86
Dai Havard,Merthyr Tydfil and Rhymney CC,,,21313.86,,,,,,120883.87,,,,0,,,,0,,142197.73,,,,19971.06,,,,,5458.77,,,25429.83,167627.56
Damian Collins,Folkestone and Hythe CC,,,12726.07,,,,,,118493.77,,,,0,,,,0,,131219.84,,,,23850,,,,,5209.04,,,29059.04,160278.88
Damian Green,Ashford CC,,,11405.96,,,,,,103211.36,,,,0,,,,0,,114617.32,,,,0,,,,,580.3,,,580.3,115197.62
Damian Hinds,East Hampshire CC,,,3842.08,,,,,,79228.68,,,,0,,,,0,,83070.76,,,,6268.51,,,,,3139.8,,,9408.31,92479.07
Dan Jarvis,Barnsley Central BC,,,18675.59,,,,,,135956.56,,,,0,,,,0,,154632.15,,,,23437.09,,,,,8049.42,,,31486.51,186118.66
Dan Rogerson,North Cornwall CC,,,13852.43,,,,,,106146.57,,,,0,,,,0,,119999,,,,13638,,,,,9510.76,,,23148.76,143147.76
Daniel Byles,North Warwickshire CC,,,13586.52,,,,,,114164.97,,,,0,,,,0,,127751.49,,,,24243.29,,,,,10496.56,,,34739.85,162491.34
Daniel Kawczynski,Shrewsbury and Atcham CC,,,19138.41,,,,,,131593.79,,,,0,,,,0,,150732.2,,,,29033.16,,,,,12148.24,,,41181.4,191913.6
Daniel Poulter,Central Suffolk and North Ipswich CC,,,14866.46,,,,,,127173.63,,,,0,,,,0,,142040.09,,,,21352.5,,,,,11122.41,,,32474.91,174515
Danny Alexander,"Inverness, Nairn, Badenoch and Strathspey CC",,,19952.73,,,,,,133856.58,,,,0,,,,0,,153809.31,,,,0,,,,,22943.93,,,22943.93,176753.24
Dave Watts,St Helens North BC,,,16102.46,,,,,,106061.64,,,,0,,,,0,,122164.1,,,,3042.28,,,,,5538.9,,,8581.18,130745.28
David Amess,Southend West BC,,,18398.91,,,,,,97767.62,,,,0,,,,0,,116166.53,,,,19956.53,,,,,5173.13,,,25129.66,141296.19
David Anderson,Blaydon BC,,,14696.98,,,,,,133760.82,,,,0,,,,0,,148457.8,,,,17345.23,,,,,10596.47,,,27941.7,176399.5
David Blunkett,"Sheffield, Brightside and Hillsborough BC",,,22200,,,,,,128068.18,,,,0,,,,0,,150268.18,,,,13374.9,,,,,868.95,,,14243.85,164512.03
David Burrowes,"Enfield, Southgate BC",,,13917.4,,,,,,127469.52,,,,0,,,,0,,141386.92,,,,0,,,,,0,,,0,141386.92
David Cameron,Witney CC,,,2005.5,,,,,,119701.01,,,,0,,,,0,,121706.51,,,,0,,,,,282.25,,,282.25,121988.76
David Crausby,Bolton North East BC,,,19886.84,,,,,,104467.56,,,,0,,,,0,,124354.4,,,,19973.17,,,,,9034.77,,,29007.94,153362.34
David Davies,Monmouth CC,,,19256.66,,,,,,97156.38,,,,0,,,,0,,116413.04,,,,16661.17,,,,,8750.97,,,25412.14,141825.18
David Davis,Haltemprice and Howden CC,,,19311.55,,,,,,121656,,,,0,,,,0,,140967.55,,,,18890.51,,,,,5704.69,,,24595.2,165562.75
David Evennett,Bexleyheath and Crayford BC,,,8801.6,,,,,,119723,,,,0,,,,0,,128524.6,,,,0,,,,,722,,,722,129246.6
David Gauke,South West Hertfordshire CC,,,8205.91,,,,,,108456.4,,,,0,,,,0,,116662.31,,,,3253.66,,,,,344.7,,,3598.36,120260.67
David Hamilton,Midlothian CC,,,18199.91,,,,,,82773.7,,,,0,,,,0,,100973.61,,,,21515.76,,,,,15427.7,,,36943.46,137917.07
David Hanson,Delyn CC,,,15269.39,,,,,,113696.1,,,,0,,,,0,,128965.49,,,,22399.86,,,,,9943.14,,,32343,161308.49
David Heath,Somerton and Frome CC,,,18461.78,,,,,,106657.13,,,,0,,,,0,,125118.91,,,,19043.91,,,,,6322.9,,,25366.81,150485.72
David Heyes,Ashton-under-Lyne BC,,,14246.94,,,,,,114782.06,,,,0,,,,0,,129029,,,,19775.53,,,,,4888.35,,,24663.88,153692.88
David Jones,Clwyd West CC,,,11263.68,,,,,,123231.88,,,,0,,,,0,,134495.56,,,,19483.04,,,,,5133.99,,,24617.03,159112.59
David Lammy,Tottenham BC,,,22642.39,,,,,,141363.37,,,,0,,,,0,,164005.76,,,,0,,,,,2271.62,,,2271.62,166277.38
David Laws,Yeovil CC,,,20544.01,,,,,,126919.8,,,,0,,,,0,,147463.81,,,,0,,,,,5155.6,,,5155.6,152619.41
David Lidington,Aylesbury CC,,,9192.68,,,,,,106202.09,,,,0,,,,0,,115394.77,,,,10273,,,,,1225,,,11498,126892.77
David Miliband,South Shields BC,,,14344.27,,,,,,142240.13,,,,0,,,,0,,156584.4,,,,4321.18,,,,,5144.47,,,9465.65,166050.05
David Morris,Morecambe and Lunesdale CC,,,28667,,,,,,114220.38,,,,0,,,,0,,142887.38,,,,23919.5,,,,,27879.17,,,51798.67,194686.05
David Mowat,Warrington South BC,,,15852.21,,,,,,110896.44,,,,0,,,,0,,126748.65,,,,300,,,,,11620.35,,,11920.35,138669
David Mundell,"Dumfriesshire, Clydesdale and Tweeddale CC",,,19991.45,,,,,,117705.92,,,,0,,,,0,,137697.37,,,,19466.98,,,,,20319.36,,,39786.34,177483.71
David Nuttall,Bury North BC,,,10054.06,,,,,,62481.86,,,,0,,,,0,,72535.92,,,,19698.2,,,,,3752.15,,,23450.35,95986.27
David Ruffley,Bury St Edmunds CC,,,15271.72,,,,,,125958.5,,,,0,,,,0,,141230.22,,,,9347.26,,,,,5107.95,,,14455.21,155685.43
David Rutley,Macclesfield CC,,,10809.44,,,,,,114225.51,,,,0,,,,0,,125034.95,,,,21100.35,,,,,8194.43,,,29294.78,154329.73
David Simpson,Upper Bann,,,22120.93,,,,,,99723.3,,,,0,,,,0,,121844.23,,,,19730.96,,,,,21142.29,,,40873.25,162717.48
David Tredinnick,Bosworth CC,,,15120.07,,,,,,131186.12,,,,0,,,,0,,146306.19,,,,19980.17,,,,,2927.3,,,22907.47,169213.66
David Ward,Bradford East BC,,,22607.08,,,,,,135284.07,,,,0,,,,0,,157891.15,,,,6648.25,,,,,10329.7,,,16977.95,174869.1
David Willetts,Havant BC,,,25338.19,,,,,,108979.12,,,,0,,,,0,,134317.31,,,,8845.86,,,,,1935.35,,,10781.21,145098.52
David Winnick,Walsall North BC,,,9365.59,,,,,,56641.94,,,,0,,,,0,,66007.53,,,,9027.54,,,,,1229.1,,,10256.64,76264.17
David Wright,Telford BC,,,12154.81,,,,,,92192.17,,,,0,,,,0,,104346.98,,,,16524.41,,,,,6662.2,,,23186.61,127533.59
Dawn Primarolo,Bristol South BC,,,15576.09,,,,,,125732.78,,,,0,,,,0,,141308.87,,,,20000,,,,,3406.4,,,23406.4,164715.27
Debbie Abrahams,Oldham East and Saddleworth CC,,,21254.36,,,,,,130064.13,,,,0,,,,0,,151318.49,,,,23184.03,,,,,7044.66,,,30228.69,181547.18
Denis MacShane,Rotherham BC,,,5832.77,,,,,,49431.74,,,,0,,,,3344.53,,58609.04,,,,10546.97,,,,,5124.7,,,15671.67,74280.71
Dennis Skinner,Bolsover CC,,,235.49,,,,,,54741.85,,,,0,,,,0,,54977.34,,,,6950.41,,,,,5302.75,,,12253.16,67230.5
Derek Twigg,Halton CC,,,14140.27,,,,,,77342.81,,,,0,,,,0,,91483.08,,,,19555.69,,,,,7272.85,,,26828.54,118311.62
Desmond Swayne,New Forest West CC,,,2425.29,,,,,,80716.74,,,,0,,,,0,,83142.03,,,,3095.3,,,,,2267.4,,,5362.7,88504.73
Diana Johnson,Kingston upon Hull North BC,,,22093.52,,,,,,130793.22,,,,0,,,,0,,152886.74,,,,4701.23,,,,,8020.19,,,12721.42,165608.16
Diane Abbott,Hackney North and Stoke Newington BC,,,22891.27,,,,,,139584.7,,,,0,,,,0,,162475.97,,,,0,,,,,867.85,,,867.85,163343.82
Dominic Grieve,Beaconsfield CC,,,15829.04,,,,,,136727.43,,,,0,,,,0,,152556.47,,,,0,,,,,820.8,,,820.8,153377.27
Dominic Raab,Esher and Walton BC,,,10971.7,,,,,,108168.04,,,,0,,,,0,,119139.74,,,,0,,,,,0,,,0,119139.74
Don Foster,Bath BC,,,21677.17,,,,,,120873.48,,,,0,,,,0,,142550.65,,,,19845.12,,,,,4715.55,,,24560.67,167111.32
Douglas Alexander,Paisley and Renfrewshire South CC,,,18998.97,,,,,,96838.45,,,,0,,,,0,,115837.42,,,,0,,,,,12517.22,,,12517.22,128354.64
Douglas Carswell,Clacton CC,,,20524.43,,,,,,112200.93,,,,0,,,,0,,132725.36,,,,13398.28,,,,,5483.5,,,18881.78,151607.14
Duncan Hames,Chippenham CC,,,13015.24,,,,,,136491.64,,,,0,,,,0,,149506.88,,,,12661.75,,,,,2217.15,,,14878.9,164385.78
Ed Balls,Morley and Outwood CC,,,19611.3,,,,,,129069.22,,,,0,,,,0,,148680.52,,,,0,,,,,8783.72,,,8783.72,157464.24
Edward Davey,Kingston and Surbiton BC,,,21329.59,,,,,,142972.38,,,,0,,,,0,,164301.97,,,,0,,,,,0,,,0,164301.97
Edward Garnier,Harborough CC,,,7585.74,,,,,,116479.54,,,,0,,,,0,,124065.28,,,,10864.5,,,,,6645.88,,,17510.38,141575.66
Edward Leigh,Gainsborough CC,,,10492.06,,,,,,123246.72,,,,0,,,,0,,133738.78,,,,4580.42,,,,,7012.94,,,11593.36,145332.14
Edward Miliband,Doncaster North CC,,,11011.99,,,,,,114595.64,,,,0,,,,0,,125607.63,,,,10715.18,,,,,1167.9,,,11883.08,137490.71
Edward Timpson,Crewe and Nantwich CC,,,14125.53,,,,,,119629.42,,,,0,,,,0,,133754.95,,,,0,,,,,10385.7,,,10385.7,144140.65
Edward Vaizey,Wantage CC,,,14426.37,,,,,,109053.49,,,,0,,,,0,,123479.86,,,,6016.16,,,,,2602.38,,,8618.54,132098.4
Eilidh Whiteford,Banff and Buchan CC,,,17004.38,,,,,,117111.69,,,,0,,,,0,,134116.07,,,,19984.07,,,,,15876.73,,,35860.8,169976.87
Eleanor Laing,Epping Forest CC,,,20491.45,,,,,,118504.97,,,,0,,,,0,,138996.42,,,,0,,,,,0,,,0,138996.42
Elfyn Llwyd,Dwyfor Meirionnydd CC,,,20365.56,,,,,,112824.88,,,,0,,,,0,,133190.44,,,,14610.94,,,,,10461.05,,,25071.99,158262.43
Elizabeth Truss,South West Norfolk CC,,,9026.29,,,,,,116110.62,,,,0,,,,0,,125136.91,,,,7028.71,,,,,8356.91,,,15385.62,140522.53
Emily Thornberry,Islington South and Finsbury BC,,,28645.9,,,,,,144634.01,,,,0,,,,0,,173279.91,,,,0,,,,,0,,,0,173279.91
Emma Reynolds,Wolverhampton North East BC,,,22200,,,,,,132015.58,,,,0,,,,0,,154215.58,,,,19967.48,,,,,3350.4,,,23317.88,177533.46
Eric Joyce,Falkirk CC,,,21570.22,,,,,,126048.5,,,,0,,,,0,,147618.72,,,,11782.54,,,,,40519.39,,,52301.93,199920.65
Eric Ollerenshaw,Lancaster and Fleetwood CC,,,10588.86,,,,,,117908.54,,,,0,,,,0,,128497.4,,,,0,,,,,6308.3,,,6308.3,134805.7
Eric Pickles,Brentwood and Ongar CC,,,9202.29,,,,,,111018.84,,,,0,,,,0,,120221.13,,,,0,,,,,0,,,0,120221.13
Esther McVey,Wirral West CC,,,17850.56,,,,,,128276.94,,,,0,,,,0,,146127.5,,,,20000,,,,,7714.9,,,27714.9,173842.4
Fabian Hamilton,Leeds North East BC,,,23728.28,,,,,,129872.61,,,,0,,,,0,,153600.89,,,,116.33,,,,,6028.94,,,6145.27,159746.16
Fiona Bruce,Congleton CC,,,18981.93,,,,,,119757.85,,,,0,,,,0,,138739.78,,,,5496.57,,,,,7972.82,,,13469.39,152209.17
Fiona Mactaggart,Slough BC,,,24666.52,,,,,,146717.01,,,,0,,,,0,,171383.53,,,,0,,,,,2496.52,,,2496.52,173880.05
Fiona O'Donnell,East Lothian CC,,,11885.54,,,,,,121496.93,,,,0,,,,0,,133382.47,,,,19716.47,,,,,17566.24,,,37282.71,170665.18
Francis Maude,Horsham CC,,,11136.37,,,,,,98671.2,,,,0,,,,0,,109807.57,,,,8707.61,,,,,2393.75,,,11101.36,120908.93
Frank Dobson,Holborn and St Pancras BC,,,3469.22,,,,,,133541.58,,,,0,,,,0,,137010.8,,,,0,,,,,44.6,,,44.6,137055.4
Frank Doran,Aberdeen North BC,,,20306.64,,,,,,131182.14,,,,0,,,,0,,151488.78,,,,12858.69,,,,,22982.45,,,35841.14,187329.92
Frank Field,Birkenhead BC,,,5064.1,,,,,,123056.72,,,,0,,,,0,,128120.82,,,,0,,,,,8988.41,,,8988.41,137109.23
Frank Roy,Motherwell and Wishaw BC,,,19754.36,,,,,,110462.27,,,,0,,,,0,,130216.63,,,,19739.2,,,,,16681.07,,,36420.27,166636.9
Gareth Johnson,Dartford CC,,,23953.17,,,,,,121302.41,,,,0,,,,0,,145255.58,,,,0,,,,,7745.25,,,7745.25,153000.83
Gareth Thomas,Harrow West BC,,,23805.93,,,,,,137295.95,,,,0,,,,0,,161101.88,,,,0,,,,,15,,,15,161116.88
Gary Streeter,South West Devon CC,,,20914.79,,,,,,136399.64,,,,0,,,,0,,157314.43,,,,21394.45,,,,,11042.85,,,32437.3,189751.73
Gavin Barwell,Croydon Central BC,,,26141.19,,,,,,129980.33,,,,0,,,,0,,156121.52,,,,0,,,,,204.15,,,204.15,156325.67
Gavin Shuker,Luton South BC,,,10823.9,,,,,,137951.49,,,,0,,,,0,,148775.39,,,,2311.16,,,,,4553.56,,,6864.72,155640.11
Gavin Williamson,South Staffordshire CC,,,21714.01,,,,,,87770.72,,,,0,,,,0,,109484.73,,,,18291.89,,,,,6251.93,,,24543.82,134028.55
Gemma Doyle,West Dunbartonshire CC,,,24235.85,,,,,,114290.17,,,,0,,,,0,,138526.02,,,,0,,,,,20889.57,,,20889.57,159415.59
Geoffrey Clifton-Brown,The Cotswolds CC,,,12830.74,,,,,,118230.46,,,,0,,,,0,,131061.2,,,,0,,,,,4364.85,,,4364.85,135426.05
Geoffrey Cox,Torridge and West Devon CC,,,20014.8,,,,,,116480.39,,,,0,,,,0,,136495.19,,,,8293.7,,,,,12259.79,,,20553.49,157048.68
Geoffrey Robinson,Coventry North West BC,,,16846.67,,,,,,132548.85,,,,0,,,,0,,149395.52,,,,0,,,,,10805.9,,,10805.9,160201.42
George Eustice,Camborne and Redruth CC,,,11002.66,,,,,,113020.65,,,,0,,,,0,,124023.31,,,,0,,,,,9750.42,,,9750.42,133773.73
George Freeman,Mid Norfolk CC,,,19228.84,,,,,,132366.78,,,,0,,,,0,,151595.62,,,,7627.52,,,,,5613.32,,,13240.84,164836.46
George Galloway,Bradford West BC,,,31436.42,,,,,,117426,,,,6033.58,,,,0,,154896,,,,1289.15,,,,,13798.8,,,15087.95,169983.95
George Hollingbery,Meon Valley CC,,,7012.18,,,,,,123366.48,,,,0,,,,0,,130378.66,,,,0,,,,,491.95,,,491.95,130870.61
George Howarth,Knowsley BC,,,19373.61,,,,,,94149.29,,,,0,,,,0,,113522.9,,,,9141.25,,,,,9473.95,,,18615.2,132138.1
George Mudie,Leeds East BC,,,19297.25,,,,,,128841.8,,,,0,,,,0,,148139.05,,,,0,,,,,8421.63,,,8421.63,156560.68
George Osborne,Tatton CC,,,3917.17,,,,,,115265.28,,,,0,,,,0,,119182.45,,,,0,,,,,2315.62,,,2315.62,121498.07
George Young,North West Hampshire CC,,,11431.32,,,,,,79926.55,,,,0,,,,0,,91357.87,,,,5900.31,,,,,4472.45,,,10372.76,101730.63
Geraint Davies,Swansea West BC,,,17129.61,,,,,,114505.37,,,,0,,,,0,,131634.98,,,,11400.6,,,,,6519.27,,,17919.87,149554.85
Gerald Howarth,Aldershot BC,,,17892.89,,,,,,90927.44,,,,0,,,,0,,108820.33,,,,5913.67,,,,,1904.03,,,7817.7,116638.03
Gerald Kaufman,"Manchester, Gorton BC",,,6614.13,,,,,,112062,,,,0,,,,0,,118676.13,,,,4246.85,,,,,9346.5,,,13593.35,132269.48
Gerry Sutcliffe,Bradford South BC,,,20061.49,,,,,,107867.06,,,,0,,,,0,,127928.55,,,,15600,,,,,11625.09,,,27225.09,155153.64
Gisela Stuart,"Birmingham, Edgbaston BC",,,17418.14,,,,,,105359.27,,,,0,,,,0,,122777.41,,,,10949.98,,,,,6637.95,,,17587.93,140365.34
Glenda Jackson,Hampstead and Kilburn BC,,,14570.75,,,,,,157482.34,,,,0,,,,0,,172053.09,,,,0,,,,,173,,,173,172226.09
Gloria De Piero,Ashfield CC,,,13826.09,,,,,,103588.9,,,,0,,,,0,,117414.99,,,,19934.41,,,,,3421.32,,,23355.73,140770.72
Glyn Davies,Montgomeryshire CC,,,16265.34,,,,,,108903.31,,,,0,,,,0,,125168.65,,,,19870,,,,,11266.8,,,31136.8,156305.45
Gordon Banks,Ochil and South Perthshire CC,,,21808.93,,,,,,129145.05,,,,0,,,,0,,150953.98,,,,16868.9,,,,,21682.21,,,38551.11,189505.09
Gordon Birtwistle,Burnley BC,,,23424.32,,,,,,137067.33,,,,0,,,,0,,160491.65,,,,18330.73,,,,,12786.48,,,31117.21,191608.86
Gordon Brown,Kirkcaldy and Cowdenbeath CC,,,13571.27,,,,,,116047.69,,,,0,,,,0,,129618.96,,,,0,,,,,15446.95,,,15446.95,145065.91
Gordon Henderson,Sittingbourne and Sheppey CC,,,13478.18,,,,,,113493.63,,,,0,,,,0,,126971.81,,,,0,,,,,8215.65,,,8215.65,135187.46
Gordon Marsden,Blackpool South BC,,,18774.95,,,,,,126875.92,,,,0,,,,0,,145650.87,,,,7569.31,,,,,5835.99,,,13405.3,159056.17
Graeme Morrice,Livingston CC,,,21600.96,,,,,,124505.63,,,,0,,,,0,,146106.59,,,,19761.3,,,,,9801.53,,,29562.83,175669.42
Graham Allen,Nottingham North BC,,,22769.89,,,,,,119970.19,,,,0,,,,0,,142740.08,,,,9542.93,,,,,8971.77,,,18514.7,161254.78
Graham Brady,Altrincham and Sale West BC,,,12786.52,,,,,,125493.12,,,,0,,,,0,,138279.64,,,,6635.77,,,,,4941.65,,,11577.42,149857.06
Graham Evans,Weaver Vale CC,,,17038.57,,,,,,109481.83,,,,0,,,,0,,126520.4,,,,20893.02,,,,,11131.07,,,32024.09,158544.49
Graham Jones,Hyndburn BC,,,20902.37,,,,,,110147.88,,,,0,,,,0,,131050.25,,,,22525.92,,,,,8088.57,,,30614.49,161664.74
Graham Stringer,Blackley and Broughton BC,,,18131.09,,,,,,115749.62,,,,0,,,,0,,133880.71,,,,12380,,,,,10858.15,,,23238.15,157118.86
Graham Stuart,Beverley and Holderness CC,,,16686.04,,,,,,126951.92,,,,0,,,,0,,143637.96,,,,19191.56,,,,,8802.76,,,27994.32,171632.28
Grahame Morris,Easington CC,,,18303.86,,,,,,128100.12,,,,0,,,,0,,146403.98,,,,19844.72,,,,,7236.5,,,27081.22,173485.2
Grant Shapps,Welwyn Hatfield CC,,,16641.61,,,,,,127334.97,,,,0,,,,0,,143976.58,,,,0,,,,,7949.17,,,7949.17,151925.75
Greg Clark,Tunbridge Wells CC,,,17917.24,,,,,,128030.95,,,,0,,,,0,,145948.19,,,,19415.13,,,,,1195.35,,,20610.48,166558.67
Greg Hands,Chelsea and Fulham BC,,,2728.76,,,,,,116110.69,,,,0,,,,0,,118839.45,,,,0,,,,,688.1,,,688.1,119527.55
Greg Knight,East Yorkshire CC,,,17750.73,,,,,,118197.81,,,,0,,,,0,,135948.54,,,,18745.5,,,,,8902.2,,,27647.7,163596.24
Greg Mulholland,Leeds North West BC,,,19881.56,,,,,,131801.26,,,,0,,,,0,,151682.82,,,,18806.87,,,,,9879.86,,,28686.73,180369.55
Gregg McClymont,"Cumbernauld, Kilsyth and Kirkintilloch East CC",,,23015.41,,,,,,139493.86,,,,0,,,,0,,162509.27,,,,0,,,,,18910.59,,,18910.59,181419.86
Gregory Barker,Bexhill and Battle CC,,,12162.89,,,,,,113303.79,,,,0,,,,0,,125466.68,,,,27746.32,,,,,3874.26,,,31620.58,157087.26
Gregory Campbell,East Londonderry,,,5473.18,,,,,,87874.67,,,,0,,,,0,,93347.85,,,,16277.47,,,,,22073.66,,,38351.13,131698.98
Guto Bebb,Aberconwy CC,,,22695.17,,,,,,113527.67,,,,0,,,,0,,136222.84,,,,19644.22,,,,,14598.73,,,34242.95,170465.79
Guy Opperman,Hexham CC,,,21742.28,,,,,,125556.81,,,,0,,,,0,,147299.09,,,,8250.78,,,,,5417.61,,,13668.39,160967.48
Harriet Harman,Camberwell and Peckham BC,,,18982.31,,,,,,144996.78,,,,0,,,,0,,163979.09,,,,0,,,,,369.38,,,369.38,164348.47
Harriett Baldwin,West Worcestershire CC,,,21550.53,,,,,,132836.89,,,,0,,,,0,,154387.42,,,,2866.66,,,,,8731.99,,,11598.65,165986.07
Hazel Blears,Salford and Eccles BC,,,19341.56,,,,,,130606.59,,,,0,,,,0,,149948.15,,,,18847.31,,,,,8976.79,,,27824.1,177772.25
Heather Wheeler,South Derbyshire CC,,,19941.55,,,,,,116159.77,,,,0,,,,0,,136101.32,,,,20459.23,,,,,7954.35,,,28413.58,164514.9
Heidi Alexander,Lewisham East BC,,,16925.86,,,,,,123335.87,,,,0,,,,0,,140261.73,,,,0,,,,,0,,,0,140261.73
Helen Goodman,Bishop Auckland CC,,,21281.96,,,,,,118952.14,,,,0,,,,0,,140234.1,,,,4547.34,,,,,17608.83,,,22156.17,162390.27
Helen Grant,Maidstone and The Weald CC,,,19315.41,,,,,,116794.82,,,,0,,,,0,,136110.23,,,,16888.7,,,,,297.4,,,17186.1,153296.33
Helen Jones,Warrington North BC,,,22196.91,,,,,,122614.65,,,,0,,,,0,,144811.56,,,,19572.12,,,,,6677.81,,,26249.93,171061.49
Henry Bellingham,North West Norfolk CC,,,19973.51,,,,,,122866.3,,,,0,,,,0,,142839.81,,,,7116.13,,,,,4813.55,,,11929.68,154769.49
Henry Smith,Crawley BC,,,15477.83,,,,,,106025.42,,,,0,,,,0,,121503.25,,,,0,,,,,5835.32,,,5835.32,127338.57
Hilary Benn,Leeds Central BC,,,20394.98,,,,,,123030.73,,,,0,,,,0,,143425.71,,,,4067.1,,,,,6324.35,,,10391.45,153817.16
Hugh Bayley,York Central BC,,,21248.91,,,,,,128582.16,,,,0,,,,0,,149831.07,,,,6106.28,,,,,7688,,,13794.28,163625.35
Hugh Robertson,Faversham and Mid Kent CC,,,12422.6,,,,,,76896.56,,,,0,,,,0,,89319.16,,,,24292.67,,,,,4232.25,,,28524.92,117844.08
Hugo Swire,East Devon CC,,,4567.7,,,,,,123088.31,,,,0,,,,0,,127656.01,,,,8775.78,,,,,5509.9,,,14285.68,141941.69
Huw Irranca-Davies,Ogmore CC,,,18455.05,,,,,,127968.25,,,,0,,,,0,,146423.3,,,,17597.69,,,,,7023.14,,,24620.83,171044.13
Hywel Francis,Aberavon CC,,,21309.83,,,,,,108221.73,,,,0,,,,0,,129531.56,,,,19412.46,,,,,6196.31,,,25608.77,155140.33
Hywel Williams,Arfon CC,,,17638.92,,,,,,120299.14,,,,0,,,,0,,137938.06,,,,20016.59,,,,,7275.71,,,27292.3,165230.36
Iain Duncan Smith,Chingford and Woodford Green BC,,,17523.93,,,,,,112494.45,,,,0,,,,0,,130018.38,,,,0,,,,,717.55,,,717.55,130735.93
Iain McKenzie,Inverclyde CC,,,20895.36,,,,,,113117.26,,,,0,,,,0,,134012.62,,,,23338.98,,,,,17600.1,,,40939.08,174951.7
Iain Stewart,Milton Keynes South BC,,,13582.55,,,,,,120771.1,,,,0,,,,0,,134353.65,,,,9000,,,,,6495.19,,,15495.19,149848.84
Iain Wright,Hartlepool BC,,,8306.64,,,,,,89665.24,,,,0,,,,0,,97971.88,,,,8193.91,,,,,5818.59,,,14012.5,111984.38
Ian Austin,Dudley North BC,,,17342.32,,,,,,128605.31,,,,0,,,,0,,145947.63,,,,20308.63,,,,,4881.1,,,25189.73,171137.36
Ian Davidson,Glasgow South West BC,,,20957.49,,,,,,121323.71,,,,0,,,,0,,142281.2,,,,20427.55,,,,,12951.42,,,33378.97,175660.17
Ian Lavery,Wansbeck CC,,,20804.74,,,,,,132796.73,,,,0,,,,0,,153601.47,,,,18803.88,,,,,14896.14,,,33700.02,187301.49
Ian Liddell-Grainger,Bridgwater and West Somerset CC,,,18467.37,,,,,,132388.38,,,,0,,,,0,,150855.75,,,,24786.97,,,,,7950.65,,,32737.62,183593.37
Ian Lucas,Wrexham CC,,,18356.16,,,,,,116183.77,,,,0,,,,0,,134539.93,,,,18797.84,,,,,5508.03,,,24305.87,158845.8
Ian Mearns,Gateshead BC,,,19721.44,,,,,,120306.79,,,,0,,,,0,,140028.23,,,,18158.81,,,,,10342.5,,,28501.31,168529.54
Ian Murray,Edinburgh South BC,,,26950.04,,,,,,125038.22,,,,0,,,,0,,151988.26,,,,19375.29,,,,,11922.21,,,31297.5,183285.76
Ian Paisley,North Antrim,,,29157.3,,,,,,133337.76,,,,0,,,,0,,162495.06,,,,30601.24,,,,,45039.08,,,75640.32,238135.38
Ian Swales,Redcar BC,,,14461.72,,,,,,119752.07,,,,0,,,,0,,134213.79,,,,21916.87,,,,,6221.95,,,28138.82,162352.61
Ivan Lewis,Bury South BC,,,24865.24,,,,,,133491.46,,,,0,,,,0,,158356.7,,,,19610.55,,,,,8885.7,,,28496.25,186852.95
Jack Dromey,"Birmingham, Erdington BC",,,21796.24,,,,,,130099.33,,,,0,,,,0,,151895.57,,,,10125.38,,,,,6189.3,,,16314.68,168210.25
Jack Lopresti,Filton and Bradley Stoke CC,,,20538.68,,,,,,118488.94,,,,0,,,,0,,139027.62,,,,17625.64,,,,,4857.09,,,22482.73,161510.35
Jack Straw,Blackburn BC,,,27625,,,,,,132133.17,,,,0,,,,0,,159758.17,,,,1927.73,,,,,5922.8,,,7850.53,167608.7
Jackie Doyle-Price,Thurrock BC,,,21946.09,,,,,,119959.8,,,,0,,,,0,,141905.89,,,,0,,,,,1636.65,,,1636.65,143542.54
Jacob Rees-Mogg,North East Somerset CC,,,1345.4,,,,,,101890.35,,,,0,,,,0,,103235.75,,,,0,,,,,0,,,0,103235.75
Jake Berry,Rossendale and Darwen BC,,,20905.22,,,,,,113772.8,,,,0,,,,0,,134678.02,,,,20889.06,,,,,10177.14,,,31066.2,165744.22
James Arbuthnot,North East Hampshire CC,,,19238.07,,,,,,122363.93,,,,0,,,,0,,141602,,,,13230,,,,,1540.85,,,14770.85,156372.85
James Brokenshire,Old Bexley and Sidcup BC,,,6003.94,,,,,,89033.36,,,,0,,,,0,,95037.3,,,,0,,,,,0,,,0,95037.3
James Clappison,Hertsmere CC,,,6391,,,,,,84946.83,,,,0,,,,0,,91337.83,,,,0,,,,,0,,,0,91337.83
James Duddridge,Rochford and Southend East CC,,,15769.24,,,,,,122737.22,,,,0,,,,0,,138506.46,,,,8020.6,,,,,2245.29,,,10265.89,148772.35
James Gray,North Wiltshire CC,,,19787.45,,,,,,132821.47,,,,0,,,,0,,152608.92,,,,14587.44,,,,,10338.03,,,24925.47,177534.39
James Morris,Halesowen and Rowley Regis BC,,,24036.49,,,,,,107182.49,,,,0,,,,0,,131218.98,,,,9466.17,,,,,5088.45,,,14554.62,145773.6
James Paice,South East Cambridgeshire CC,,,9440.19,,,,,,113360.29,,,,0,,,,0,,122800.48,,,,16919.16,,,,,4752.05,,,21671.21,144471.69
James Wharton,Stockton South BC,,,19262.15,,,,,,118680.72,,,,0,,,,0,,137942.87,,,,19998.62,,,,,7303.34,,,27301.96,165244.83
Jamie Reed,Copeland CC,,,19478.1,,,,,,138236.47,,,,0,,,,0,,157714.57,,,,8841.8,,,,,11457.45,,,20299.25,178013.82
Jane Ellison,Battersea BC,,,17101.76,,,,,,129782.09,,,,0,,,,0,,146883.85,,,,0,,,,,0,,,0,146883.85
Jason McCartney,Colne Valley CC,,,11890.75,,,,,,122467.37,,,,0,,,,0,,134358.12,,,,6618.5,,,,,4925.85,,,11544.35,145902.47
Jeffrey Donaldson,Lagan Valley,,,21891.92,,,,,,121085.64,,,,0,,,,0,,142977.56,,,,7999.79,,,,,25974.77,,,33974.56,176952.12
Jenny Chapman,Darlington BC,,,25088.27,,,,,,105368.04,,,,0,,,,0,,130456.31,,,,14224.64,,,,,10327.3,,,24551.94,155008.25
Jenny Willott,Cardiff Central BC,,,20240.39,,,,,,114997.85,,,,0,,,,0,,135238.24,,,,25637.28,,,,,6915.01,,,32552.29,167790.53
Jeremy Browne,Taunton Deane CC,,,18772.94,,,,,,115399.36,,,,0,,,,0,,134172.3,,,,0,,,,,6537.45,,,6537.45,140709.75
Jeremy Corbyn,Islington North BC,,,16423.37,,,,,,122627.27,,,,0,,,,0,,139050.64,,,,0,,,,,533.8,,,533.8,139584.44
Jeremy Hunt,South West Surrey CC,,,14899.32,,,,,,99084.11,,,,0,,,,0,,113983.43,,,,2051.19,,,,,2306.78,,,4357.97,118341.4
Jeremy Lefroy,Stafford CC,,,20710.56,,,,,,135260.98,,,,0,,,,0,,155971.54,,,,11728.69,,,,,3677.29,,,15405.98,171377.52
Jeremy Wright,Kenilworth and Southam CC,,,17614.28,,,,,,104349.11,,,,0,,,,0,,121963.39,,,,16953.46,,,,,5767.6,,,22721.06,144684.45
Jesse Norman,Hereford and South Herefordshire CC,,,16941.27,,,,,,111572.62,,,,0,,,,0,,128513.89,,,,0,,,,,269.75,,,269.75,128783.64
Jessica Lee,Erewash CC,,,14928.61,,,,,,111928.78,,,,0,,,,0,,126857.39,,,,21380.49,,,,,2582.89,,,23963.38,150820.77
Jessica Morden,Newport East CC,,,20712.27,,,,,,102993.71,,,,0,,,,0,,123705.98,,,,10370.74,,,,,5334.79,,,15705.53,139411.51
Jim Cunningham,Coventry South BC,,,10627.56,,,,,,88324.07,,,,0,,,,0,,98951.63,,,,16668.14,,,,,1366.25,,,18034.39,116986.02
Jim Dobbin,Heywood and Middleton CC,,,16328.21,,,,,,136002.89,,,,0,,,,0,,152331.1,,,,37.95,,,,,5590.3,,,5628.25,157959.35
Jim Dowd,Lewisham West and Penge BC,,,23142.23,,,,,,126077.24,,,,0,,,,0,,149219.47,,,,0,,,,,233.19,,,233.19,149452.66
Jim Fitzpatrick,Poplar and Limehouse BC,,,23454,,,,,,132095.15,,,,0,,,,0,,155549.15,,,,0,,,,,360,,,360,155909.15
Jim Hood,Lanark and Hamilton East CC,,,17716.97,,,,,,102096.25,,,,0,,,,0,,119813.22,,,,6350.44,,,,,11736.1,,,18086.54,137899.76
Jim McGovern,Dundee West BC,,,21084.32,,,,,,137694.45,,,,0,,,,0,,158778.77,,,,20000,,,,,15713.86,,,35713.86,194492.63
Jim Murphy,East Renfrewshire CC,,,18239.62,,,,,,133603.23,,,,0,,,,0,,151842.85,,,,22553.96,,,,,18938.42,,,41492.38,193335.23
Jim Shannon,Strangford,,,30191.12,,,,,,157648.94,,,,0,,,,0,,187840.06,,,,11986.68,,,,,24843.73,,,36830.41,224670.47
Jim Sheridan,Paisley and Renfrewshire North CC,,,22199.73,,,,,,134374.98,,,,0,,,,0,,156574.71,,,,20462.22,,,,,22150.09,,,42612.31,199187.02
Jo Johnson,Orpington BC,,,15799.04,,,,,,115797.51,,,,0,,,,0,,131596.55,,,,0,,,,,1470.03,,,1470.03,133066.58
Jo Swinson,East Dunbartonshire CC,,,20063.96,,,,,,142093.63,,,,0,,,,0,,162157.59,,,,11765.29,,,,,10085.63,,,21850.92,184008.51
Joan Ruddock,"Lewisham, Deptford BC",,,23704.75,,,,,,137835.57,,,,0,,,,0,,161540.32,,,,0,,,,,1047.7,,,1047.7,162588.02
Joan Walley,Stoke-on-Trent North BC,,,18422.98,,,,,,113396.69,,,,0,,,,0,,131819.67,,,,5393.37,,,,,10276.9,,,15670.27,147489.94
Joe Benton,Bootle BC,,,18255.9,,,,,,111729.42,,,,0,,,,0,,129985.32,,,,586.57,,,,,5548.74,,,6135.31,136120.63
John Baron,Basildon and Billericay BC,,,22463.71,,,,,,120900.62,,,,0,,,,0,,143364.33,,,,0,,,,,1851.8,,,1851.8,145216.13
John Bercow,Buckingham CC,,,4772.8,,,,,,100705.69,,,,0,,,,0,,105478.49,,,,0,,,,,3493.25,,,3493.25,108971.74
John Cryer,Leyton and Wanstead BC,,,18967.13,,,,,,135298.04,,,,0,,,,0,,154265.17,,,,0,,,,,588.7,,,588.7,154853.87
John Denham,"Southampton, Itchen BC",,,21856.28,,,,,,127785.94,,,,0,,,,0,,149642.22,,,,21020.69,,,,,2828.87,,,23849.56,173491.78
John Glen,Salisbury CC,,,20638.12,,,,,,128107.5,,,,0,,,,0,,148745.62,,,,17677,,,,,5773.71,,,23450.71,172196.33
John Hayes,South Holland and The Deepings CC,,,16665.39,,,,,,120048.65,,,,0,,,,0,,136714.04,,,,19987.76,,,,,10114.4,,,30102.16,166816.2
John Healey,Wentworth and Dearne CC,,,26004.87,,,,,,133033.04,,,,0,,,,0,,159037.91,,,,22060.27,,,,,15831.55,,,37891.82,196929.73
John Hemming,"Birmingham, Yardley BC",,,16468.36,,,,,,137474.23,,,,0,,,,0,,153942.59,,,,0,,,,,1530.6,,,1530.6,155473.19
John Howell,Henley CC,,,6439.43,,,,,,107659.57,,,,0,,,,0,,114099,,,,19122.54,,,,,1392.14,,,20514.68,134613.68
John Leech,"Manchester, Withington BC",,,22647.79,,,,,,131020.36,,,,0,,,,0,,153668.15,,,,17939.41,,,,,9172.87,,,27112.28,180780.43
John Mann,Bassetlaw CC,,,21968.34,,,,,,110840.78,,,,0,,,,0,,132809.12,,,,9000,,,,,7947.14,,,16947.14,149756.26
John McDonnell,Hayes and Harlington BC,,,17160.1,,,,,,114830.45,,,,0,,,,0,,131990.55,,,,0,,,,,980.1,,,980.1,132970.65
John Penrose,Weston-Super-Mare CC,,,10317.02,,,,,,94224.21,,,,0,,,,0,,104541.23,,,,0,,,,,7289.8,,,7289.8,111831.03
John Pugh,Southport BC,,,16868.22,,,,,,112260.61,,,,0,,,,0,,129128.83,,,,19374.68,,,,,4312.85,,,23687.53,152816.36
John Randall,Uxbridge and South Ruislip BC,,,604.2,,,,,,78071.62,,,,0,,,,0,,78675.82,,,,0,,,,,0,,,0,78675.82
John Redwood,Wokingham CC,,,2529.53,,,,,,57021.36,,,,0,,,,0,,59550.89,,,,6256.44,,,,,0,,,6256.44,65807.33
John Robertson,Glasgow North West BC,,,14122.06,,,,,,93702.21,,,,0,,,,0,,107824.27,,,,17838.73,,,,,13153.6,,,30992.33,138816.6
John Spellar,Warley BC,,,13648.05,,,,,,107041.32,,,,0,,,,0,,120689.37,,,,2201.73,,,,,3986.25,,,6187.98,126877.35
John Stanley,Tonbridge and Malling CC,,,3795.17,,,,,,76319.86,,,,0,,,,0,,80115.03,,,,0,,,,,0,,,0,80115.03
John Stevenson,Carlisle CC,,,21791.09,,,,,,95644.08,,,,0,,,,0,,117435.17,,,,14695.6,,,,,11995.35,,,26690.95,144126.12
John Thurso,"Caithness, Sutherland and Easter Ross CC",,,8165.99,,,,,,110760.39,,,,0,,,,0,,118926.38,,,,18982.1,,,,,35905.13,,,54887.23,173813.61
John Whittingdale,Maldon CC,,,7934.65,,,,,,87570.45,,,,0,,,,0,,95505.1,,,,15763.18,,,,,4161.65,,,19924.83,115429.93
John Woodcock,Barrow and Furness CC,,,16771.04,,,,,,130328.6,,,,0,,,,0,,147099.64,,,,9171.85,,,,,4648.3,,,13820.15,160919.79
Jon Cruddas,Dagenham and Rainham BC,,,23662.58,,,,,,147447.76,,,,0,,,,0,,171110.34,,,,0,,,,,0,,,0,171110.34
Jon Trickett,Hemsworth CC,,,13202.34,,,,,,118552.58,,,,0,,,,0,,131754.92,,,,23400,,,,,8063.8,,,31463.8,163218.72
Jonathan Ashworth,Leicester South BC,,,24749.58,,,,,,131758.8,,,,862.6,,,,0,,157370.98,,,,22805.29,,,,,6077.62,,,28882.91,186253.89
Jonathan Djanogly,Huntingdon CC,,,11589.56,,,,,,107244.6,,,,0,,,,0,,118834.16,,,,0,,,,,3785.1,,,3785.1,122619.26
Jonathan Edwards,Carmarthen East and Dinefwr CC,,,15481.56,,,,,,91049.08,,,,0,,,,0,,106530.64,,,,19437.3,,,,,4700.88,,,24138.18,130668.82
Jonathan Evans,Cardiff North BC,,,17768.36,,,,,,116170.54,,,,0,,,,0,,133938.9,,,,19858.16,,,,,0,,,19858.16,153797.06
Jonathan Lord,Woking CC,,,9930.2,,,,,,89851.72,,,,0,,,,0,,99781.92,,,,0,,,,,1914.05,,,1914.05,101695.97
Jonathan Reynolds,Stalybridge and Hyde CC,,,29733.69,,,,,,133013.97,,,,0,,,,0,,162747.66,,,,22045.55,,,,,10767.1,,,32812.65,195560.31
Julian Brazier,Canterbury CC,,,16275.55,,,,,,100358.46,,,,0,,,,0,,116634.01,,,,14251.78,,,,,4276.45,,,18528.23,135162.24
Julian Huppert,Cambridge BC,,,15665.21,,,,,,135283.9,,,,0,,,,0,,150949.11,,,,14906.66,,,,,2744.1,,,17650.76,168599.87
Julian Lewis,New Forest East CC,,,13182.16,,,,,,102015.6,,,,0,,,,0,,115197.76,,,,5949.51,,,,,3194.8,,,9144.31,124342.07
Julian Smith,Skipton and Ripon CC,,,16123.38,,,,,,131118.55,,,,0,,,,0,,147241.93,,,,0,,,,,7497.64,,,7497.64,154739.57
Julian Sturdy,York Outer CC,,,11389.75,,,,,,87458.46,,,,0,,,,0,,98848.21,,,,21224.28,,,,,9552.6,,,30776.88,129625.09
Julie Elliott,Sunderland Central BC,,,20295.33,,,,,,124366.88,,,,0,,,,0,,144662.21,,,,15903.66,,,,,6076.94,,,21980.6,166642.81
Julie Hilling,Bolton West CC,,,22683.48,,,,,,118406.81,,,,0,,,,0,,141090.29,,,,18939.97,,,,,8327.8,,,27267.77,168358.06
Justin Tomlinson,North Swindon CC,,,10011.32,,,,,,87920.94,,,,0,,,,0,,97932.26,,,,9894.6,,,,,1701,,,11595.6,109527.86
Justine Greening,Putney BC,,,8359.42,,,,,,103706.63,,,,0,,,,0,,112066.05,,,,0,,,,,760,,,760,112826.05
Karen Bradley,Staffordshire Moorlands CC,,,16857.02,,,,,,145706.12,,,,0,,,,0,,162563.14,,,,24849.96,,,,,12466.01,,,37315.97,199879.11
Karen Buck,Westminster North BC,,,25587.27,,,,,,151530.44,,,,0,,,,0,,177117.71,,,,0,,,,,1551.85,,,1551.85,178669.56
Karen Lumley,Redditch CC,,,17486.39,,,,,,131687.01,,,,0,,,,0,,149173.4,,,,16456.29,,,,,5378.29,,,21834.58,171007.98
Karl McCartney,Lincoln BC,,,7765.78,,,,,,123441.38,,,,0,,,,0,,131207.16,,,,0,,,,,11318,,,11318,142525.16
Karl Turner,Kingston upon Hull East BC,,,11978.79,,,,,,115820.59,,,,0,,,,0,,127799.38,,,,13676.24,,,,,4291.33,,,17967.57,145766.95
Kate Green,Stretford and Urmston BC,,,17740.17,,,,,,121756.99,,,,0,,,,0,,139497.16,,,,0,,,,,9473.79,,,9473.79,148970.95
Kate Hoey,Vauxhall BC,,,5206.99,,,,,,120625.63,,,,0,,,,0,,125832.62,,,,0,,,,,452.7,,,452.7,126285.32
Katy Clark,North Ayrshire and Arran CC,,,33836.44,,,,,,128807.52,,,,0,,,,0,,162643.96,,,,0,,,,,14936.05,,,14936.05,177580.01
Keith Simpson,Broadland CC,,,10514.61,,,,,,88909.23,,,,0,,,,0,,99423.84,,,,19899.96,,,,,5333.5,,,25233.46,124657.3
Keith Vaz,Leicester East BC,,,17259.32,,,,,,147162.15,,,,0,,,,0,,164421.47,,,,0,,,,,8552.95,,,8552.95,172974.42
Kelvin Hopkins,Luton North BC,,,19853.61,,,,,,123270.19,,,,0,,,,0,,143123.8,,,,0,,,,,4209.68,,,4209.68,147333.48
Ken Clarke,Rushcliffe CC,,,13687.59,,,,,,89788.44,,,,0,,,,0,,103476.03,,,,2747.06,,,,,4320,,,7067.06,110543.09
Kerry McCarthy,Bristol East BC,,,19628.21,,,,,,136949.33,,,,0,,,,0,,156577.54,,,,20535.46,,,,,4809.6,,,25345.06,181922.6
Kevan Jones,North Durham CC,,,16384.5,,,,,,112674.93,,,,0,,,,0,,129059.43,,,,19715.02,,,,,12833.19,,,32548.21,161607.64
Kevin Barron,Rother Valley CC,,,7779.2,,,,,,135249.32,,,,0,,,,0,,143028.52,,,,19999.04,,,,,5761.86,,,25760.9,168789.42
Kevin Brennan,Cardiff West BC,,,16686.09,,,,,,112043.44,,,,0,,,,0,,128729.53,,,,19872.08,,,,,7339.45,,,27211.53,155941.06
Khalid Mahmood,"Birmingham, Perry Barr BC",,,11349.09,,,,,,124168.16,,,,0,,,,0,,135517.25,,,,0,,,,,15519.2,,,15519.2,151036.45
Kris Hopkins,Keighley CC,,,15191.95,,,,,,107746.12,,,,0,,,,0,,122938.07,,,,19507.71,,,,,9213.35,,,28721.06,151659.13
Kwasi Kwarteng,Spelthorne BC,,,1283.16,,,,,,103614.04,,,,0,,,,0,,104897.2,,,,0,,,,,50,,,50,104947.2
Laura Sandys,South Thanet CC,,,24770.8,,,,,,129916.93,,,,0,,,,0,,154687.73,,,,0,,,,,4217.45,,,4217.45,158905.18
Laurence Robertson,Tewkesbury CC,,,14107.04,,,,,,117605.04,,,,0,,,,0,,131712.08,,,,19622.08,,,,,11383.19,,,31005.27,162717.35
Lee Scott,Ilford North BC,,,10753.41,,,,,,114475.75,,,,0,,,,0,,125229.16,,,,0,,,,,0,,,0,125229.16
Liam Byrne,"Birmingham, Hodge Hill BC",,,21968.34,,,,,,135297.45,,,,0,,,,0,,157265.79,,,,17716.4,,,,,12737.29,,,30453.69,187719.48
Liam Fox,North Somerset CC,,,9604.2,,,,,,126516.02,,,,0,,,,0,,136120.22,,,,20250,,,,,3866.31,,,24116.31,160236.53
Lilian Greenwood,Nottingham South BC,,,19781.43,,,,,,116611.09,,,,0,,,,0,,136392.52,,,,19080,,,,,5752.52,,,24832.52,161225.04
Linda Riordan,Halifax BC,,,16841.55,,,,,,119564.84,,,,0,,,,0,,136406.39,,,,20948.28,,,,,3446.62,,,24394.9,160801.29
Lindsay Hoyle,Chorley CC,,,12845.02,,,,,,143891,,,,0,,,,0,,156736.02,,,,19385.39,,,,,14775,,,34160.39,190896.41
Lindsay Roy,Glenrothes CC,,,14210.41,,,,,,106623.17,,,,0,,,,0,,120833.58,,,,19176.11,,,,,14978.59,,,34154.7,154988.28
Lisa Nandy,Wigan CC,,,19529.34,,,,,,131487.95,,,,0,,,,0,,151017.29,,,,19765.64,,,,,5779.47,,,25545.11,176562.4
Liz Kendall,Leicester West BC,,,21696.52,,,,,,131413.22,,,,0,,,,0,,153109.74,,,,16328.17,,,,,5914.31,,,22242.48,175352.22
Lorely Burt,Solihull BC,,,11155.3,,,,,,123466.93,,,,0,,,,0,,134622.23,,,,11850,,,,,4982.77,,,16832.77,151455
Lorraine Fullbrook,South Ribble CC,,,13783.66,,,,,,114843.88,,,,0,,,,0,,128627.54,,,,18800,,,,,6026.3,,,24826.3,153453.84
Louise Ellman,"Liverpool, Riverside BC",,,21075.78,,,,,,131695.1,,,,0,,,,0,,152770.88,,,,7228.34,,,,,4014.75,,,11243.09,164013.97
Louise Mensch,Corby CC,,,3990.4,,,,,,42057.18,,,,0,,,,0,,46047.58,,,,6998.83,,,,,1924.47,,,8923.3,54970.88
Luciana Berger,"Liverpool, Wavertree BC",,,21781.9,,,,,,136552.75,,,,0,,,,0,,158334.65,,,,19915.42,,,,,8930.26,,,28845.68,187180.33
Lucy Powell,Manchester Central BC,,,2407.66,,,,,,30274.17,,,,2370.93,,,,0,,35052.76,,,,2588.62,,,,,3316.3,,,5904.92,40957.68
Lyn Brown,West Ham BC,,,24261.52,,,,,,138006.83,,,,0,,,,0,,162268.35,,,,0,,,,,0,,,0,162268.35
Lynne Featherstone,Hornsey and Wood Green BC,,,20583.31,,,,,,145384.85,,,,0,,,,0,,165968.16,,,,0,,,,,73.5,,,73.5,166041.66
Madeleine Moon,Bridgend CC,,,15608.98,,,,,,118162.74,,,,0,,,,0,,133771.72,,,,2127.14,,,,,5083.6,,,7210.74,140982.46
Malcolm Bruce,Gordon CC,,,21974.18,,,,,,133283.52,,,,0,,,,0,,155257.7,,,,23057.08,,,,,24576.15,,,47633.23,202890.93
Malcolm Rifkind,Kensington BC,,,9704.24,,,,,,136400.39,,,,0,,,,0,,146104.63,,,,0,,,,,0,,,0,146104.63
Malcolm Wicks,Croydon North BC,,,17968.2,,,,,,45421.92,,,,0,,,,1108.31,,64498.43,,,,0,,,,,188,,,188,64686.43
Marcus Jones,Nuneaton CC,,,14002.62,,,,,,95715.61,,,,0,,,,0,,109718.23,,,,18968.18,,,,,4714.85,,,23683.03,133401.26
Margaret Beckett,Derby South BC,,,6183.11,,,,,,120476.04,,,,0,,,,0,,126659.15,,,,7713.26,,,,,5740.1,,,13453.36,140112.51
Margaret Curran,Glasgow East BC,,,19241,,,,,,118892.96,,,,0,,,,0,,138133.96,,,,18601.86,,,,,16895.08,,,35496.94,173630.9
Margaret Hodge,Barking BC,,,24934.92,,,,,,140054.09,,,,0,,,,0,,164989.01,,,,0,,,,,282.93,,,282.93,165271.94
Margaret Ritchie,South Down,,,23847.37,,,,,,122418.1,,,,0,,,,0,,146265.47,,,,9095.92,,,,,25865.25,,,34961.17,181226.64
Margot James,Stourbridge BC,,,23170.41,,,,,,119042.48,,,,0,,,,0,,142212.89,,,,0,,,,,6468.46,,,6468.46,148681.35
Maria Eagle,Garston and Halewood BC,,,16114.63,,,,,,132224.21,,,,0,,,,0,,148338.84,,,,3313.45,,,,,7746.1,,,11059.55,159398.39
Maria Miller,Basingstoke BC,,,7697.23,,,,,,113524,,,,0,,,,0,,121221.23,,,,14659.52,,,,,2236.1,,,16895.62,138116.85
Mark Durkan,Foyle,,,15402.83,,,,,,99413.04,,,,0,,,,0,,114815.87,,,,12197.25,,,,,11799.62,,,23996.87,138812.74
Mark Field,Cities of London and Westminster BC,,,13365.6,,,,,,132272.3,,,,0,,,,0,,145637.9,,,,0,,,,,1194.2,,,1194.2,146832.1
Mark Francois,Rayleigh and Wickford CC,,,1991.75,,,,,,96883.36,,,,0,,,,0,,98875.11,,,,0,,,,,0,,,0,98875.11
Mark Garnier,Wyre Forest CC,,,16156.12,,,,,,121234.29,,,,0,,,,0,,137390.41,,,,22509.49,,,,,7298.75,,,29808.24,167198.65
Mark Harper,Forest of Dean CC,,,21051.62,,,,,,114787.02,,,,0,,,,0,,135838.64,,,,5866.97,,,,,8542.9,,,14409.87,150248.51
Mark Hendrick,Preston BC,,,19451.79,,,,,,114979.79,,,,0,,,,0,,134431.58,,,,2943.19,,,,,8902.99,,,11846.18,146277.76
Mark Hoban,Fareham CC,,,10932.33,,,,,,69665.66,,,,0,,,,0,,80597.99,,,,18765.04,,,,,2849.4,,,21614.44,102212.43
Mark Hunter,Cheadle BC,,,22192.2,,,,,,118913.1,,,,0,,,,0,,141105.3,,,,20847.84,,,,,6492.23,,,27340.07,168445.37
Mark Lancaster,Milton Keynes North CC,,,14522.18,,,,,,122596.27,,,,0,,,,0,,137118.45,,,,19039.35,,,,,5976.4,,,25015.75,162134.2
Mark Lazarowicz,Edinburgh North and Leith BC,,,18023.85,,,,,,114523.83,,,,0,,,,0,,132547.68,,,,2511.9,,,,,9015.79,,,11527.69,144075.37
Mark Menzies,Fylde CC,,,16218.6,,,,,,109699.75,,,,0,,,,0,,125918.35,,,,20333.09,,,,,7762.76,,,28095.85,154014.2
Mark Pawsey,Rugby CC,,,21348.33,,,,,,102768.28,,,,0,,,,0,,124116.61,,,,17922.18,,,,,4797.44,,,22719.62,146836.23
Mark Prisk,Hertford and Stortford CC,,,10061.99,,,,,,118048.91,,,,0,,,,0,,128110.9,,,,0,,,,,946,,,946,129056.9
Mark Pritchard,The Wrekin CC,,,16718.55,,,,,,98864.79,,,,0,,,,0,,115583.34,,,,24583.16,,,,,10330.79,,,34913.95,150497.29
Mark Reckless,Rochester and Strood CC,,,14135.37,,,,,,125240.35,,,,0,,,,0,,139375.72,,,,21607.05,,,,,3572.85,,,25179.9,164555.62
Mark Simmonds,Boston and Skegness CC,,,17576.61,,,,,,143336.92,,,,0,,,,0,,160913.53,,,,12504.3,,,,,6630.62,,,19134.92,180048.45
Mark Spencer,Sherwood CC,,,10798.83,,,,,,104673.95,,,,0,,,,0,,115472.78,,,,9236,,,,,5699.1,,,14935.1,130407.88
Mark Tami,Alyn and Deeside CC,,,21562.99,,,,,,121697.59,,,,0,,,,0,,143260.58,,,,23311.13,,,,,8347.5,,,31658.63,174919.21
Mark Williams,Ceredigion CC,,,14118.49,,,,,,132912.21,,,,0,,,,0,,147030.7,,,,10586.59,,,,,8601.19,,,19187.78,166218.48
Martin Caton,Gower CC,,,9115.95,,,,,,95939.88,,,,0,,,,0,,105055.83,,,,3838.14,,,,,5259,,,9097.14,114152.97
Martin Horwood,Cheltenham BC,,,21876.7,,,,,,130650.67,,,,0,,,,0,,152527.37,,,,19733.85,,,,,4533.41,,,24267.26,176794.63
Martin McGuinness,Mid Ulster,,,0,,,,,,62276.32,,,,0,,,,18798.88,,81075.2,,,,0,,,,,2618.74,,,2618.74,83693.94
Martin Vickers,Cleethorpes CC,,,15920,,,,,,89626.54,,,,0,,,,0,,105546.54,,,,15909.22,,,,,5367.6,,,21276.82,126823.36
Mary Creagh,Wakefield CC,,,22426.76,,,,,,109160.88,,,,0,,,,0,,131587.64,,,,9436.69,,,,,11274.56,,,20711.25,152298.89
Mary Glindon,North Tyneside BC,,,16225.97,,,,,,95536.93,,,,0,,,,0,,111762.9,,,,20019.96,,,,,8976.6,,,28996.56,140759.46
Mary MacLeod,Brentford and Isleworth BC,,,10423.15,,,,,,130849.36,,,,0,,,,0,,141272.51,,,,0,,,,,253.3,,,253.3,141525.81
Matthew Hancock,West Suffolk CC,,,18131,,,,,,128941.87,,,,0,,,,0,,147072.87,,,,15680.19,,,,,4543.25,,,20223.44,167296.31
Matthew Offord,Hendon BC,,,14376.16,,,,,,99894.46,,,,0,,,,0,,114270.62,,,,0,,,,,1557.43,,,1557.43,115828.05
Meg Hillier,Hackney South and Shoreditch BC,,,20289.98,,,,,,139900.38,,,,0,,,,0,,160190.36,,,,0,,,,,337.2,,,337.2,160527.56
Meg Munn,"Sheffield, Heeley BC",,,17935.18,,,,,,113612.49,,,,0,,,,0,,131547.67,,,,20000,,,,,5571.83,,,25571.83,157119.5
Mel Stride,Central Devon CC,,,10306.83,,,,,,117774.54,,,,0,,,,0,,128081.37,,,,8827.38,,,,,7160.64,,,15988.02,144069.39
Menzies Campbell,North East Fife CC,,,10863.72,,,,,,119442.81,,,,0,,,,0,,130306.53,,,,10582.15,,,,,12347.21,,,22929.36,153235.89
Michael Connarty,Linlithgow and East Falkirk CC,,,21265,,,,,,119983.52,,,,0,,,,0,,141248.52,,,,17917.09,,,,,17151.12,,,35068.21,176316.73
Michael Dugher,Barnsley East CC,,,12662.6,,,,,,149725.63,,,,0,,,,0,,162388.23,,,,12295.09,,,,,6574.5,,,18869.59,181257.82
Michael Ellis,Northampton North BC,,,4663.6,,,,,,100900.25,,,,0,,,,0,,105563.85,,,,19921.1,,,,,0,,,19921.1,125484.95
Michael Fabricant,Lichfield CC,,,4280.75,,,,,,89576.76,,,,0,,,,0,,93857.51,,,,10949.31,,,,,5571.4,,,16520.71,110378.22
Michael Fallon,Sevenoaks CC,,,8077.74,,,,,,93516.83,,,,0,,,,0,,101594.57,,,,0,,,,,0,,,0,101594.57
Michael Gove,Surrey Heath CC,,,17800.17,,,,,,128556.98,,,,0,,,,0,,146357.15,,,,0,,,,,306.95,,,306.95,146664.1
Michael McCann,"East Kilbride, Strathaven and Lesmahagow CC",,,21074.08,,,,,,125201.51,,,,0,,,,0,,146275.59,,,,19449.82,,,,,18912.15,,,38361.97,184637.56
Michael Meacher,Oldham West and Royton BC,,,17535.66,,,,,,131533.25,,,,0,,,,0,,149068.91,,,,8973.82,,,,,1239,,,10212.82,159281.73
Michael Moore,"Berwickshire, Roxburgh and Selkirk CC",,,21974.33,,,,,,119091.45,,,,0,,,,0,,141065.78,,,,12421.55,,,,,14591.75,,,27013.3,168079.08
Michelle Gildernew,Fermanagh and South Tyrone,,,13875.44,,,,,,93414.48,,,,0,,,,0,,107289.92,,,,0,,,,,2527.1,,,2527.1,109817.02
Mike Crockart,Edinburgh West BC,,,19180.66,,,,,,128206.63,,,,0,,,,0,,147387.29,,,,20920.69,,,,,18283.69,,,39204.38,186591.67
Mike Freer,Finchley and Golders Green BC,,,22802.27,,,,,,120844.35,,,,0,,,,0,,143646.62,,,,0,,,,,501.7,,,501.7,144148.32
Mike Gapes,Ilford South BC,,,23413.21,,,,,,118250.4,,,,0,,,,0,,141663.61,,,,0,,,,,633.1,,,633.1,142296.71
Mike Hancock,Portsmouth South BC,,,22138.5,,,,,,123911.04,,,,0,,,,0,,146049.54,,,,0,,,,,2423.25,,,2423.25,148472.79
Mike Penning,Hemel Hempstead CC,,,20027.23,,,,,,91312.29,,,,0,,,,0,,111339.52,,,,0,,,,,0,,,0,111339.52
Mike Thornton,Eastleigh BC,,,0,,,,,,6742.62,,,,0,,,,0,,6742.62,,,,1350,,,,,189.68,,,1539.68,8282.3
Mike Weatherley,Hove BC,,,17997.6,,,,,,136249.81,,,,0,,,,0,,154247.41,,,,22685.51,,,,,1058.2,,,23743.71,177991.12
Mike Weir,Angus CC,,,14095.91,,,,,,97908.91,,,,0,,,,0,,112004.82,,,,20041.47,,,,,16406.52,,,36447.99,148452.81
Mike Wood,Batley and Spen BC,,,15571.54,,,,,,128434.81,,,,0,,,,0,,144006.35,,,,19691.03,,,,,5436.08,,,25127.11,169133.46
Nadhim Zahawi,Stratford-on-Avon CC,,,12823.6,,,,,,145469.06,,,,0,,,,0,,158292.66,,,,9147.81,,,,,3323.3,,,12471.11,170763.77
Nadine Dorries,Mid Bedfordshire CC,,,11078.85,,,,,,125677.61,,,,0,,,,0,,136756.46,,,,19159.79,,,,,5234.55,,,24394.34,161150.8
Naomi Long,Belfast East,,,15763.74,,,,,,119551.28,,,,0,,,,0,,135315.02,,,,19768.53,,,,,8880.58,,,28649.11,163964.13
Natascha Engel,North East Derbyshire CC,,,21940.09,,,,,,110099.41,,,,0,,,,0,,132039.5,,,,25677.66,,,,,6302.3,,,31979.96,164019.46
Neil Carmichael,Stroud CC,,,20096.49,,,,,,127199.86,,,,0,,,,0,,147296.35,,,,18658.17,,,,,4832.62,,,23490.79,170787.14
Neil Parish,Tiverton and Honiton CC,,,4099.19,,,,,,104182.52,,,,0,,,,0,,108281.71,,,,19651.65,,,,,7076.54,,,26728.19,135009.9
Nia Griffith,Llanelli CC,,,22919.63,,,,,,122355.8,,,,0,,,,0,,145275.43,,,,0,,,,,5676,,,5676,150951.43
Nicholas Brown,Newcastle upon Tyne East BC,,,10997.97,,,,,,127578.08,,,,0,,,,0,,138576.05,,,,4300.05,,,,,6099.45,,,10399.5,148975.55
Nicholas Soames,Mid Sussex CC,,,14121.18,,,,,,105275.92,,,,0,,,,0,,119397.1,,,,3578.22,,,,,2193.75,,,5771.97,125169.07
Nick Boles,Grantham and Stamford CC,,,5965.5,,,,,,120575.25,,,,0,,,,0,,126540.75,,,,10011.13,,,,,4957.67,,,14968.8,141509.55
Nick Clegg,"Sheffield, Hallam CC",,,17820.45,,,,,,122318.96,,,,0,,,,0,,140139.41,,,,9717.41,,,,,3417.5,,,13134.91,153274.32
Nick Dakin,Scunthorpe CC,,,21553.83,,,,,,135927.46,,,,0,,,,0,,157481.29,,,,20595.18,,,,,11981.75,,,32576.93,190058.22
Nick de Bois,Enfield North BC,,,24807.58,,,,,,142254.46,,,,0,,,,0,,167062.04,,,,300,,,,,1010.74,,,1310.74,168372.78
Nick Gibb,Bognor Regis and Littlehampton CC,,,10927.45,,,,,,103457.98,,,,0,,,,0,,114385.43,,,,0,,,,,5138.8,,,5138.8,119524.23
Nick Harvey,North Devon CC,,,17655.85,,,,,,128494.15,,,,0,,,,0,,146150,,,,22406.66,,,,,11781.1,,,34187.76,180337.76
Nick Herbert,Arundel and South Downs CC,,,6169.06,,,,,,115778.51,,,,0,,,,0,,121947.57,,,,0,,,,,2407.56,,,2407.56,124355.13
Nick Hurd,"Ruislip, Northwood and Pinner BC",,,22653.58,,,,,,124933.73,,,,0,,,,0,,147587.31,,,,0,,,,,0,,,0,147587.31
Nick Raynsford,Greenwich and Woolwich BC,,,14880.71,,,,,,118690.86,,,,0,,,,0,,133571.57,,,,0,,,,,149.1,,,149.1,133720.67
Nick Smith,Blaenau Gwent CC,,,18783.76,,,,,,135960.04,,,,0,,,,0,,154743.8,,,,4800.72,,,,,5962.83,,,10763.55,165507.35
Nicky Morgan,Loughborough CC,,,16444.62,,,,,,124897.18,,,,0,,,,0,,141341.8,,,,21080.1,,,,,9367.8,,,30447.9,171789.7
Nicola Blackwood,Oxford West and Abingdon CC,,,14651.21,,,,,,130495.02,,,,0,,,,0,,145146.23,,,,19010.49,,,,,920.2,,,19930.69,165076.92
Nigel Adams,Selby and Ainsty CC,,,10520.02,,,,,,104249.84,,,,0,,,,0,,114769.86,,,,25352.56,,,,,10981.59,,,36334.15,151104.01
Nigel Dodds,Belfast North,,,15801.42,,,,,,85729.41,,,,0,,,,0,,101530.83,,,,19110.65,,,,,19718.82,,,38829.47,140360.3
Nigel Evans,Ribble Valley CC,,,13376.15,,,,,,112625.95,,,,0,,,,0,,126002.1,,,,18206.23,,,,,9354.97,,,27561.2,153563.3
Nigel Mills,Amber Valley CC,,,12825.72,,,,,,105977.02,,,,0,,,,0,,118802.74,,,,9456.6,,,,,4939,,,14395.6,133198.34
Norman Baker,Lewes CC,,,25422.41,,,,,,133019.65,,,,0,,,,0,,158442.06,,,,22645.85,,,,,3793.38,,,26439.23,184881.29
Norman Lamb,North Norfolk CC,,,20851.52,,,,,,131551.44,,,,0,,,,0,,152402.96,,,,10926,,,,,4924.9,,,15850.9,168253.86
Oliver Colvile,"Plymouth, Sutton and Devonport BC",,,15704.29,,,,,,129188.89,,,,0,,,,0,,144893.18,,,,2400.11,,,,,9171.65,,,11571.76,156464.94
Oliver Heald,North East Hertfordshire CC,,,19319.25,,,,,,114898.19,,,,0,,,,0,,134217.44,,,,2880.97,,,,,2502.2,,,5383.17,139600.61
Oliver Letwin,West Dorset CC,,,9090.33,,,,,,116618.9,,,,0,,,,0,,125709.23,,,,0,,,,,1602.54,,,1602.54,127311.77
Owen Paterson,North Shropshire CC,,,13501.61,,,,,,106610.5,,,,0,,,,0,,120112.11,,,,4912.01,,,,,1269.9,,,6181.91,126294.02
Owen Smith,Pontypridd CC,,,18929.64,,,,,,125230.61,,,,0,,,,0,,144160.25,,,,21335.13,,,,,7196.9,,,28532.03,172692.28
Pamela Nash,Airdrie and Shotts CC,,,23274.22,,,,,,117103.92,,,,0,,,,0,,140378.14,,,,23569.95,,,,,18979.47,,,42549.42,182927.56
Pat Doherty,West Tyrone,,,8250,,,,,,135048,,,,0,,,,0,,143298,,,,0,,,,,1659.87,,,1659.87,144957.87
Pat Glass,North West Durham CC,,,19546.22,,,,,,116369.01,,,,0,,,,0,,135915.23,,,,17587.23,,,,,11890.71,,,29477.94,165393.17
Pat McFadden,Wolverhampton South East BC,,,21817.99,,,,,,111423.76,,,,0,,,,0,,133241.75,,,,9312.12,,,,,6180.06,,,15492.18,148733.93
Patrick McLoughlin,Derbyshire Dales CC,,,24137.82,,,,,,108643.85,,,,0,,,,0,,132781.67,,,,8575.62,,,,,11829.2,,,20404.82,153186.49
Patrick Mercer,Newark CC,,,14040.73,,,,,,107639.95,,,,0,,,,0,,121680.68,,,,4315.5,,,,,12804.68,,,17120.18,138800.86
Paul Beresford,Mole Valley CC,,,6683.11,,,,,,111038,,,,0,,,,0,,117721.11,,,,0,,,,,500.4,,,500.4,118221.51
Paul Blomfield,Sheffield Central BC,,,21990.84,,,,,,132152.4,,,,0,,,,0,,154143.24,,,,19994.67,,,,,6104.72,,,26099.39,180242.63
Paul Burstow,Sutton and Cheam BC,,,22409.3,,,,,,140535.19,,,,0,,,,0,,162944.49,,,,0,,,,,17,,,17,162961.49
Paul Farrelly,Newcastle-under-Lyme BC,,,21980.25,,,,,,133589.94,,,,0,,,,0,,155570.19,,,,6143.11,,,,,14727.66,,,20870.77,176440.96
Paul Flynn,Newport West CC,,,8328.05,,,,,,125550.96,,,,0,,,,0,,133879.01,,,,3849.68,,,,,5521.69,,,9371.37,143250.38
Paul Goggins,Wythenshawe and Sale East BC,,,22920.21,,,,,,119485.93,,,,0,,,,0,,142406.14,,,,14879.78,,,,,10634.15,,,25513.93,167920.07
Paul Maskey,Belfast West,,,16357.57,,,,,,105967.8,,,,0,,,,0,,122325.37,,,,0,,,,,1892.82,,,1892.82,124218.19
Paul Maynard,Blackpool North and Cleveleys BC,,,23240.9,,,,,,139333.2,,,,0,,,,0,,162574.1,,,,10851.95,,,,,16826.5,,,27678.45,190252.55
Paul Murphy,Torfaen CC,,,20895.56,,,,,,115402.69,,,,0,,,,0,,136298.25,,,,8243.03,,,,,6742.35,,,14985.38,151283.63
Paul Uppal,Wolverhampton South West BC,,,14655,,,,,,125358.5,,,,0,,,,0,,140013.5,,,,13350,,,,,4434.65,,,17784.65,157798.15
Pauline Latham,Mid Derbyshire CC,,,21017.72,,,,,,104167.65,,,,0,,,,0,,125185.37,,,,9055,,,,,8132.06,,,17187.06,142372.43
Penny Mordaunt,Portsmouth North BC,,,24248.77,,,,,,129825.06,,,,0,,,,0,,154073.83,,,,25816.59,,,,,5446.2,,,31262.79,185336.62
Pete Wishart,Perth and North Perthshire CC,,,22233.13,,,,,,110869.92,,,,0,,,,0,,133103.05,,,,18716.51,,,,,22348.66,,,41065.17,174168.22
Peter Aldous,Waveney CC,,,22019.07,,,,,,127370.77,,,,0,,,,0,,149389.84,,,,19526.27,,,,,377.25,,,19903.52,169293.36
Peter Bone,Wellingborough CC,,,20635.84,,,,,,131931,,,,0,,,,0,,152566.84,,,,17607.38,,,,,11127.78,,,28735.16,181302
Peter Bottomley,Worthing West BC,,,2803.93,,,,,,85727.91,,,,0,,,,0,,88531.84,,,,0,,,,,132.49,,,132.49,88664.33
Peter Hain,Neath CC,,,19844.75,,,,,,142459.84,,,,0,,,,0,,162304.59,,,,11760.57,,,,,9115.75,,,20876.32,183180.91
Peter Lilley,Hitchin and Harpenden CC,,,13220.32,,,,,,116744.58,,,,0,,,,0,,129964.9,,,,1268.99,,,,,785.37,,,2054.36,132019.26
Peter Luff,Mid Worcestershire CC,,,8635.2,,,,,,98692.66,,,,0,,,,0,,107327.86,,,,20000,,,,,7378.2,,,27378.2,134706.06
Peter Tapsell,Louth and Horncastle CC,,,10737.5,,,,,,131395.16,,,,0,,,,0,,142132.66,,,,20000,,,,,5435.28,,,25435.28,167567.94
Phil Wilson,Sedgefield CC,,,22136.05,,,,,,118018.72,,,,0,,,,0,,140154.77,,,,19357.33,,,,,15771.7,,,35129.03,175283.8
Philip Davies,Shipley CC,,,8846.31,,,,,,125140.39,,,,0,,,,0,,133986.7,,,,20286,,,,,7694.85,,,27980.85,161967.55
Philip Dunne,Ludlow CC,,,14204.87,,,,,,97360.63,,,,0,,,,0,,111565.5,,,,0,,,,,4354.35,,,4354.35,115919.85
Philip Hammond,Runnymede and Weybridge CC,,,4202.4,,,,,,54546.53,,,,0,,,,0,,58748.93,,,,0,,,,,0,,,0,58748.93
Philip Hollobone,Kettering CC,,,4680.34,,,,,,0,,,,0,,,,0,,4680.34,,,,0,,,,,4487,,,4487,9167.34
Phillip Lee,Bracknell CC,,,19362.22,,,,,,117690.53,,,,0,,,,0,,137052.75,,,,20545.7,,,,,2518.02,,,23063.72,160116.47
Priti Patel,Witham CC,,,16180.84,,,,,,110414.14,,,,0,,,,0,,126594.98,,,,0,,,,,6273.82,,,6273.82,132868.8
Rachel Reeves,Leeds West BC,,,22651,,,,,,138269.21,,,,0,,,,0,,160920.21,,,,13935.52,,,,,7541.45,,,21476.97,182397.18
Rebecca Harris,Castle Point BC,,,7614.55,,,,,,108946.61,,,,0,,,,0,,116561.16,,,,0,,,,,0,,,0,116561.16
Rehman Chishti,Gillingham and Rainham BC,,,9681.1,,,,,,100799.18,,,,0,,,,0,,110480.28,,,,0,,,,,7300,,,7300,117780.28
Richard Bacon,South Norfolk CC,,,23149.37,,,,,,112159.63,,,,0,,,,0,,135309,,,,25094.58,,,,,5933.77,,,31028.35,166337.35
Richard Benyon,Newbury CC,,,14103.35,,,,,,96593.49,,,,0,,,,0,,110696.84,,,,0,,,,,2786.62,,,2786.62,113483.46
Richard Burden,"Birmingham, Northfield BC",,,22092.88,,,,,,139139.78,,,,0,,,,0,,161232.66,,,,9963.48,,,,,4039.65,,,14003.13,175235.79
Richard Drax,South Dorset CC,,,13741.41,,,,,,113946.41,,,,0,,,,0,,127687.82,,,,0,,,,,3733,,,3733,131420.82
Richard Fuller,Bedford BC,,,13940.02,,,,,,106631.06,,,,0,,,,0,,120571.08,,,,19934.68,,,,,1863.37,,,21798.05,142369.13
Richard Graham,Gloucester BC,,,16259.16,,,,,,108851.68,,,,0,,,,0,,125110.84,,,,7846.74,,,,,3710.26,,,11557,136667.84
Richard Harrington,Watford BC,,,12735.1,,,,,,116471.35,,,,0,,,,0,,129206.45,,,,0,,,,,0,,,0,129206.45
Richard Ottaway,Croydon South BC,,,15572.99,,,,,,139017.84,,,,0,,,,0,,154590.83,,,,0,,,,,1663.35,,,1663.35,156254.18
Richard Shepherd,Aldridge-Brownhills BC,,,10313.16,,,,,,95925.81,,,,0,,,,0,,106238.97,,,,1356.9,,,,,3606.83,,,4963.73,111202.7
Rob Wilson,Reading East BC,,,17576.36,,,,,,130074.26,,,,0,,,,0,,147650.62,,,,0,,,,,7909.4,,,7909.4,155560.02
Robert Buckland,South Swindon CC,,,11689.54,,,,,,97560.55,,,,0,,,,0,,109250.09,,,,22207.15,,,,,3557.5,,,25764.65,135014.74
Robert Flello,Stoke-on-Trent South BC,,,18101.92,,,,,,99938.07,,,,0,,,,0,,118039.99,,,,21370.48,,,,,13252.82,,,34623.3,152663.29
Robert Goodwill,Scarborough and Whitby CC,,,13006.5,,,,,,117792.62,,,,0,,,,0,,130799.12,,,,18502.03,,,,,11665.16,,,30167.19,160966.31
Robert Halfon,Harlow CC,,,15655.81,,,,,,137400.75,,,,0,,,,0,,153056.56,,,,0,,,,,11306.3,,,11306.3,164362.86
Robert Smith,West Aberdeenshire and Kincardine CC,,,17321.29,,,,,,99230.9,,,,0,,,,0,,116552.19,,,,18332.2,,,,,17768.88,,,36101.08,152653.27
Robert Syms,Poole BC,,,8679.8,,,,,,64153.38,,,,0,,,,0,,72833.18,,,,22691.79,,,,,5593,,,28284.79,101117.97
Robert Walter,North Dorset CC,,,15341.74,,,,,,117740.9,,,,0,,,,0,,133082.64,,,,4341.53,,,,,6448.87,,,10790.4,143873.04
Roberta Blackman-Woods,City of Durham CC,,,13933.28,,,,,,132473.51,,,,0,,,,0,,146406.79,,,,2923.52,,,,,11928.88,,,14852.4,161259.19
Robin Walker,Worcester BC,,,11670.14,,,,,,105096.06,,,,0,,,,0,,116766.2,,,,11517.22,,,,,6449.09,,,17966.31,134732.51
Roger Gale,North Thanet CC,,,18471.43,,,,,,116580.28,,,,0,,,,0,,135051.71,,,,4821.35,,,,,5407.7,,,10229.05,145280.76
Roger Godsiff,"Birmingham, Hall Green BC",,,14934.45,,,,,,136480.5,,,,0,,,,0,,151414.95,,,,0,,,,,5730.83,,,5730.83,157145.78
Roger Williams,Brecon and Radnorshire CC,,,22940.9,,,,,,113395.14,,,,0,,,,0,,136336.04,,,,17551.99,,,,,7821.95,,,25373.94,161709.98
Ronnie Campbell,Blyth Valley BC,,,19929.75,,,,,,97543.6,,,,0,,,,0,,117473.35,,,,17072.44,,,,,7286.09,,,24358.53,141831.88
Rory Stewart,Penrith and The Border CC,,,16415.14,,,,,,136549.88,,,,0,,,,0,,152965.02,,,,10050,,,,,5951.31,,,16001.31,168966.33
Rosie Cooper,West Lancashire CC,,,19533.76,,,,,,126592.84,,,,0,,,,0,,146126.6,,,,5064.49,,,,,5740.99,,,10805.48,156932.08
Rosie Winterton,Doncaster Central BC,,,21353.48,,,,,,103655.84,,,,0,,,,0,,125009.32,,,,4307.77,,,,,9476.4,,,13784.17,138793.49
Rushanara Ali,Bethnal Green and Bow BC,,,23450.04,,,,,,152230.49,,,,0,,,,0,,175680.53,,,,0,,,,,239.78,,,239.78,175920.31
Russell Brown,Dumfries and Galloway CC,,,21746.01,,,,,,116129.98,,,,0,,,,0,,137875.99,,,,16750.7,,,,,13507.85,,,30258.55,168134.54
Sadiq Khan,Tooting BC,,,33783.47,,,,,,142922.08,,,,0,,,,0,,176705.55,,,,0,,,,,362.5,,,362.5,177068.05
Sajid Javid,Bromsgrove CC,,,19752.17,,,,,,127226.14,,,,0,,,,0,,146978.31,,,,0,,,,,4700.5,,,4700.5,151678.81
Sam Gyimah,East Surrey CC,,,11543.35,,,,,,132991.94,,,,0,,,,0,,144535.29,,,,0,,,,,872.41,,,872.41,145407.7
Sammy Wilson,East Antrim,,,18965.59,,,,,,107828.69,,,,0,,,,0,,126794.28,,,,7628.46,,,,,14678.47,,,22306.93,149101.21
Sandra Osborne,"Ayr, Carrick and Cumnock CC",,,19940.41,,,,,,132834.65,,,,0,,,,0,,152775.06,,,,17177.12,,,,,11574.2,,,28751.32,181526.38
Sarah Champion,Rotherham BC,,,5460.01,,,,,,17152.47,,,,4752.93,,,,0,,27365.41,,,,12477.12,,,,,4918.06,,,17395.18,44760.59
Sarah Newton,Truro and Falmouth CC,,,20642.64,,,,,,132233.42,,,,0,,,,0,,152876.06,,,,0,,,,,5892.05,,,5892.05,158768.11
Sarah Teather,Brent Central BC,,,24893.42,,,,,,142001.21,,,,0,,,,0,,166894.63,,,,0,,,,,694.33,,,694.33,167588.96
Sarah Wollaston,Totnes CC,,,10090.21,,,,,,122196.39,,,,0,,,,0,,132286.6,,,,20505.98,,,,,7027.3,,,27533.28,159819.88
Seema Malhotra,Feltham and Heston BC,,,13355.51,,,,,,109369.82,,,,4817.56,,,,0,,127542.89,,,,0,,,,,152.4,,,152.4,127695.29
Shabana Mahmood,"Birmingham, Ladywood BC",,,21351.48,,,,,,115213.78,,,,0,,,,0,,136565.26,,,,12565.3,,,,,3607.33,,,16172.63,152737.89
Shailesh Vara,North West Cambridgeshire CC,,,9815.34,,,,,,95113.22,,,,0,,,,0,,104928.56,,,,0,,,,,4003.09,,,4003.09,108931.65
Sharon Hodgson,Washington and Sunderland West BC,,,20044.49,,,,,,127654.76,,,,0,,,,0,,147699.25,,,,19367.55,,,,,12658.85,,,32026.4,179725.65
Shaun Woodward,St Helens South and Whiston BC,,,19123.01,,,,,,128351.84,,,,0,,,,0,,147474.85,,,,0,,,,,7551.96,,,7551.96,155026.81
Sheila Gilmore,Edinburgh East BC,,,16739.59,,,,,,125970.44,,,,0,,,,0,,142710.03,,,,17759.38,,,,,3656.27,,,21415.65,164125.68
Sheryll Murray,South East Cornwall CC,,,18439.23,,,,,,102559.82,,,,0,,,,0,,120999.05,,,,19996.18,,,,,11170.32,,,31166.5,152165.55
Siân James,Swansea East BC,,,20216.57,,,,,,112429.71,,,,0,,,,0,,132646.28,,,,3010,,,,,5486.71,,,8496.71,141142.99
Simon Burns,Chelmsford BC,,,11784.28,,,,,,100885.25,,,,0,,,,0,,112669.53,,,,1151.5,,,,,705,,,1856.5,114526.03
Simon Danczuk,Rochdale CC,,,24352.88,,,,,,138584.18,,,,0,,,,0,,162937.06,,,,29261.62,,,,,14083.63,,,43345.25,206282.31
Simon Hart,Carmarthen West and South Pembrokeshire CC,,,17737.7,,,,,,120837.36,,,,0,,,,0,,138575.06,,,,18935.08,,,,,13185.4,,,32120.48,170695.54
Simon Hughes,Bermondsey and Old Southwark BC,,,24749.82,,,,,,135870.43,,,,0,,,,0,,160620.25,,,,0,,,,,701.95,,,701.95,161322.2
Simon Kirby,"Brighton, Kemptown BC",,,21276.81,,,,,,113120.85,,,,0,,,,0,,134397.66,,,,22520.71,,,,,1227.75,,,23748.46,158146.12
Simon Reevell,Dewsbury CC,,,12377.17,,,,,,118341.77,,,,0,,,,0,,130718.94,,,,16193.07,,,,,7800.4,,,23993.47,154712.41
Simon Wright,Norwich South BC,,,13041.2,,,,,,111006.95,,,,0,,,,0,,124048.15,,,,17195.28,,,,,2656.45,,,19851.73,143899.88
Siobhain McDonagh,Mitcham and Morden BC,,,23882.93,,,,,,142703.94,,,,0,,,,0,,166586.87,,,,0,,,,,632.7,,,632.7,167219.57
Stella Creasy,Walthamstow BC,,,19623.52,,,,,,145527.74,,,,0,,,,0,,165151.26,,,,0,,,,,332.35,,,332.35,165483.61
Stephen Barclay,North East Cambridgeshire CC,,,15246.67,,,,,,109239.23,,,,0,,,,0,,124485.9,,,,24009.42,,,,,4331.75,,,28341.17,152827.07
Stephen Crabb,Preseli Pembrokeshire CC,,,16907.78,,,,,,107330.37,,,,0,,,,0,,124238.15,,,,14627.16,,,,,12536.58,,,27163.74,151401.89
Stephen Dorrell,Charnwood CC,,,5869.2,,,,,,96470.7,,,,0,,,,0,,102339.9,,,,19854.48,,,,,792,,,20646.48,122986.38
Stephen Doughty,Cardiff South and Penarth BC,,,7111.21,,,,,,33141.68,,,,3997.67,,,,0,,44250.56,,,,7535.84,,,,,2616.8,,,10152.64,54403.2
Stephen Gilbert,St Austell and Newquay CC,,,23094.53,,,,,,138020.31,,,,0,,,,0,,161114.84,,,,21410.64,,,,,17143.01,,,38553.65,199668.49
Stephen Hammond,Wimbledon BC,,,6459.93,,,,,,116458.31,,,,0,,,,0,,122918.24,,,,0,,,,,1229.45,,,1229.45,124147.69
Stephen Hepburn,Jarrow BC,,,16456.99,,,,,,112804.26,,,,0,,,,0,,129261.25,,,,20000,,,,,11274.23,,,31274.23,160535.48
Stephen Lloyd,Eastbourne BC,,,22774.98,,,,,,137588.39,,,,0,,,,0,,160363.37,,,,12673.6,,,,,2895.51,,,15569.11,175932.48
Stephen McCabe,"Birmingham, Selly Oak BC",,,22868.56,,,,,,93361.91,,,,0,,,,0,,116230.47,,,,1655.52,,,,,3463.26,,,5118.78,121349.25
Stephen McPartland,Stevenage CC,,,14412.3,,,,,,108198.72,,,,0,,,,0,,122611.02,,,,0,,,,,0,,,0,122611.02
Stephen Metcalfe,South Basildon and East Thurrock BC,,,22890.64,,,,,,131701.06,,,,0,,,,0,,154591.7,,,,0,,,,,141.2,,,141.2,154732.9
Stephen Mosley,City of Chester CC,,,13184.93,,,,,,102883.25,,,,0,,,,0,,116068.18,,,,14515,,,,,4851.2,,,19366.2,135434.38
Stephen O'Brien,Eddisbury CC,,,17513.34,,,,,,96803.56,,,,0,,,,0,,114316.9,,,,12945.86,,,,,10497.81,,,23443.67,137760.57
Stephen Phillips,Sleaford and North Hykeham CC,,,8854.33,,,,,,74108.64,,,,0,,,,0,,82962.97,,,,4036.28,,,,,7067.67,,,11103.95,94066.92
Stephen Pound,Ealing North BC,,,13213.04,,,,,,113741.73,,,,0,,,,0,,126954.77,,,,0,,,,,2025.77,,,2025.77,128980.54
Stephen Timms,East Ham BC,,,15856.94,,,,,,144441.51,,,,0,,,,0,,160298.45,,,,0,,,,,1002.4,,,1002.4,161300.85
Stephen Twigg,"Liverpool, West Derby BC",,,22371.88,,,,,,138634.27,,,,0,,,,0,,161006.15,,,,6783.94,,,,,9240.99,,,16024.93,177031.08
Stephen Williams,Bristol West BC,,,19111.81,,,,,,131562.74,,,,0,,,,0,,150674.55,,,,17881.15,,,,,7033.95,,,24915.1,175589.65
Steve Baker,Wycombe CC,,,10701.55,,,,,,123960.67,,,,0,,,,0,,134662.22,,,,0,,,,,245.4,,,245.4,134907.62
Steve Brine,Winchester CC,,,18743.17,,,,,,122701.58,,,,0,,,,0,,141444.75,,,,21309.97,,,,,3373.65,,,24683.62,166128.37
Steve Reed,Croydon North BC,,,2192.4,,,,,,33386.7,,,,0,,,,0,,35579.1,,,,0,,,,,0,,,0,35579.1
Steve Rotheram,"Liverpool, Walton BC",,,19213.41,,,,,,116099.43,,,,0,,,,0,,135312.84,,,,22487.64,,,,,6865.83,,,29353.47,164666.31
Steve Webb,Thornbury and Yate CC,,,14825.6,,,,,,121759.8,,,,0,,,,0,,136585.4,,,,18645.38,,,,,5008.05,,,23653.43,160238.83
Stewart Hosie,Dundee East BC,,,24163.19,,,,,,109774.85,,,,0,,,,0,,133938.04,,,,14399.75,,,,,18272.63,,,32672.38,166610.42
Stewart Jackson,Peterborough BC,,,10513.3,,,,,,90840.15,,,,0,,,,0,,101353.45,,,,7480.9,,,,,13655.1,,,21136,122489.45
Stuart Andrew,Pudsey BC,,,14778.38,,,,,,134151.71,,,,0,,,,0,,148930.09,,,,17480.69,,,,,7806,,,25286.69,174216.78
Stuart Bell,Middlesbrough BC,,,4262.81,,,,,,54287.7,,,,0,,,,1741.25,,60291.76,,,,8796.81,,,,,3732.5,,,12529.31,72821.07
Susan Jones,Clwyd South CC,,,13018.33,,,,,,81008.21,,,,0,,,,0,,94026.54,,,,17083.19,,,,,3341.65,,,20424.84,114451.38
Sylvia Hermon,North Down,,,11980.71,,,,,,117577.99,,,,0,,,,0,,129558.7,,,,3633.6,,,,,17842.02,,,21475.62,151034.32
Teresa Pearce,Erith and Thamesmead BC,,,12365.11,,,,,,128501.18,,,,0,,,,0,,140866.29,,,,0,,,,,190,,,190,141056.29
Tessa Jowell,Dulwich and West Norwood BC,,,24724.88,,,,,,142965.14,,,,0,,,,0,,167690.02,,,,0,,,,,1061.2,,,1061.2,168751.22
Tessa Munt,Wells CC,,,20806.52,,,,,,135327.09,,,,0,,,,0,,156133.61,,,,16224.6,,,,,9869.15,,,26093.75,182227.36
Theresa May,Maidenhead CC,,,3045.64,,,,,,105105.28,,,,0,,,,0,,108150.92,,,,0,,,,,0,,,0,108150.92
Theresa Villiers,Chipping Barnet BC,,,9888.57,,,,,,108290.93,,,,0,,,,0,,118179.5,,,,0,,,,,0,,,0,118179.5
Therese Coffey,Suffolk Coastal CC,,,17001.33,,,,,,111726,,,,0,,,,0,,128727.33,,,,19601.16,,,,,9321.08,,,28922.24,157649.57
Thomas Docherty,Dunfermline and West Fife CC,,,19907.02,,,,,,131308.68,,,,0,,,,0,,151215.7,,,,22366.75,,,,,19272.7,,,41639.45,192855.15
Tim Farron,Westmorland and Lonsdale CC,,,19966.84,,,,,,136463.37,,,,0,,,,0,,156430.21,,,,18761.61,,,,,9010.86,,,27772.47,184202.68
Tim Loughton,East Worthing and Shoreham CC,,,19183.21,,,,,,114522.31,,,,0,,,,0,,133705.52,,,,21240.61,,,,,5752.51,,,26993.12,160698.64
Tim Yeo,South Suffolk CC,,,11130.9,,,,,,124907.3,,,,0,,,,0,,136038.2,,,,13974.86,,,,,4968,,,18942.86,154981.06
Tobias Ellwood,Bournemouth East BC,,,13745.46,,,,,,113814.71,,,,0,,,,0,,127560.17,,,,22324.92,,,,,10724.17,,,33049.09,160609.26
Toby Perkins,Chesterfield BC,,,13953.56,,,,,,125959.55,,,,0,,,,0,,139913.11,,,,19961.81,,,,,10062.4,,,30024.21,169937.32
Tom Blenkinsop,Middlesbrough South and East Cleveland CC,,,11933.93,,,,,,135471.99,,,,0,,,,0,,147405.92,,,,10200,,,,,3235.68,,,13435.68,160841.6
Tom Brake,Carshalton and Wallington BC,,,25255.66,,,,,,127765.94,,,,0,,,,0,,153021.6,,,,0,,,,,12.9,,,12.9,153034.5
Tom Clarke,"Coatbridge, Chryston and Bellshill BC",,,13897.95,,,,,,118655.98,,,,0,,,,0,,132553.93,,,,14725,,,,,16564.28,,,31289.28,163843.21
Tom Greatrex,Rutherglen and Hamilton West BC,,,14748.61,,,,,,115609.56,,,,0,,,,0,,130358.17,,,,22842.22,,,,,12183.95,,,35026.17,165384.34
Tom Harris,Glasgow South BC,,,24526.1,,,,,,135493.27,,,,0,,,,0,,160019.37,,,,20301.78,,,,,19692.01,,,39993.79,200013.16
Tom Watson,West Bromwich East BC,,,21789.86,,,,,,135987.19,,,,0,,,,0,,157777.05,,,,9814.72,,,,,6976.07,,,16790.79,174567.84
Tony Baldry,Banbury CC,,,13923.49,,,,,,125474.8,,,,0,,,,0,,139398.29,,,,0,,,,,2457.75,,,2457.75,141856.04
Tony Cunningham,Workington CC,,,14241.09,,,,,,102822.15,,,,0,,,,0,,117063.24,,,,4244.68,,,,,7003.8,,,11248.48,128311.72
Tony Lloyd,Manchester Central BC,,,14008.28,,,,,,51494.07,,,,0,,,,72,,65574.35,,,,10320.76,,,,,3803.6,,,14124.36,79698.71
Tracey Crouch,Chatham and Aylesford CC,,,13589.6,,,,,,117850.09,,,,0,,,,0,,131439.69,,,,20630.04,,,,,420,,,21050.04,152489.73
Tristram Hunt,Stoke-on-Trent Central BC,,,18775.75,,,,,,117383.96,,,,0,,,,0,,136159.71,,,,13098.08,,,,,11763.03,,,24861.11,161020.82
Valerie Vaz,Walsall South BC,,,17816.22,,,,,,129249.61,,,,0,,,,0,,147065.83,,,,9651.71,,,,,4690.8,,,14342.51,161408.34
Vernon Coaker,Gedling CC,,,22303.16,,,,,,114689.11,,,,0,,,,0,,136992.27,,,,0,,,,,5240.35,,,5240.35,142232.62
Vincent Cable,Twickenham BC,,,18989.93,,,,,,122364.03,,,,0,,,,0,,141353.96,,,,0,,,,,0,,,0,141353.96
Virendra Sharma,"Ealing, Southall BC",,,23912.4,,,,,,115078.75,,,,0,,,,0,,138991.15,,,,0,,,,,0,,,0,138991.15
Wayne David,Caerphilly CC,,,14863.53,,,,,,104904.39,,,,0,,,,0,,119767.92,,,,20000,,,,,7068.83,,,27068.83,146836.75
William Hague,Richmond (Yorks) CC,,,7360.3,,,,,,83813.95,,,,0,,,,0,,91174.25,,,,0,,,,,1451.6,,,1451.6,92625.85
William McCrea,South Antrim,,,22194.21,,,,,,124600.24,,,,0,,,,0,,146794.45,,,,20448.76,,,,,19503.69,,,39952.45,186746.9
Willie Bain,Glasgow North East BC,,,16370.44,,,,,,138441.39,,,,0,,,,0,,154811.83,,,,20831.08,,,,,22454.95,,,43286.03,198097.86
Yasmin Qureshi,Bolton South East BC,,,20498.66,,,,,,130149.04,,,,0,,,,0,,150647.7,,,,0,,,,,8318.76,,,8318.76,158966.46
Yvette Cooper,"Normanton, Pontefract and Castleford CC",,,20824.18,,,,,,133401.65,,,,0,,,,0,,154225.83,,,,0,,,,,8380.73,,,8380.73,162606.56
Yvonne Fovargue,Makerfield CC,,,14638.72,,,,,,136903.2,,,,0,,,,0,,151541.92,,,,19383.49,,,,,7342.71,,,26726.2,178268.12
Zac Goldsmith,Richmond Park BC,,,0,,,,,,109721.94,,,,0,,,,0,,109721.94,,,,0,,,,,0,,,0,109721.94
